image_id,type,x,y,w,h,img_shp_0_init,img_shape1_init,img_shp_0,img_shp_1
10000,test,16,45,160,163,3264,2448,192,256
10001,test,44,71,105,112,3264,2448,192,256
10002,test,0,0,192,255,3264,2448,192,256
10003,test,0,0,192,255,3264,2448,192,256
10004,test,0,76,192,156,3264,2448,192,256
10005,test,0,0,192,255,3264,2448,192,256
10006,test,38,70,126,116,3264,2448,192,256
10007,test,36,115,101,122,3264,2448,192,256
10008,test,0,0,192,255,3264,2448,192,256
10009,test,19,90,153,165,3264,2448,192,256
10010,test,19,46,150,165,3264,2448,192,256
10011,test,0,0,192,255,3264,2448,192,256
10012,test,0,26,192,229,3264,2448,192,256
10013,test,0,23,174,214,3264,2448,192,256
10014,test,18,35,137,149,3264,2448,192,256
10015,test,15,47,130,116,3264,2448,192,256
10016,test,0,17,192,197,3264,2448,192,256
10017,test,24,65,118,106,3264,2448,192,256
10018,test,0,0,192,255,3264,2448,192,256
10019,test,15,49,155,158,3264,2448,192,256
10020,test,48,32,116,151,3264,2448,192,256
10021,test,52,76,88,90,3264,2448,192,256
10022,test,32,0,187,165,1836,2448,256,192
10023,test,0,78,79,101,3264,2448,192,256
10024,test,51,74,87,102,3264,2448,192,256
10025,test,0,39,192,163,3264,2448,192,256
10026,test,0,0,192,255,3264,2448,192,256
10027,test,0,30,157,185,3264,2448,192,256
10028,test,16,35,164,161,3264,2448,192,256
10029,test,31,41,131,154,3264,2448,192,256
10030,test,18,49,157,156,3264,2448,192,256
10031,test,0,89,124,166,3264,2448,192,256
10032,test,20,46,136,165,3264,2448,192,256
10033,test,0,0,192,255,3264,2448,192,256
10034,test,0,0,192,255,3264,2448,192,256
10035,test,5,76,174,123,3264,2448,192,256
10036,test,0,0,192,255,3264,2448,192,256
10037,test,0,0,192,221,3264,2448,192,256
10038,test,29,71,106,100,3264,2448,192,256
10039,test,0,0,192,255,3264,2448,192,256
10040,test,0,139,192,116,3264,2448,192,256
10041,test,33,47,130,132,3264,2448,192,256
10042,test,5,37,167,182,3264,2448,192,256
10043,test,21,0,171,167,3264,2448,192,256
10044,test,7,59,167,109,3264,2448,192,256
10045,test,0,0,192,255,3264,2448,192,256
10046,test,0,0,192,115,3264,2448,192,256
10047,test,0,0,192,255,3264,2448,192,256
10048,test,24,78,156,123,3264,2448,192,256
10049,test,39,54,109,125,3264,2448,192,256
10050,test,20,31,149,138,3264,2448,192,256
10051,test,0,43,172,181,3264,2448,192,256
10052,test,0,0,192,144,3264,2448,192,256
10053,test,34,69,121,107,3264,2448,192,256
10054,test,0,0,145,168,3264,2448,192,256
10055,test,0,0,48,129,3264,2448,192,256
10056,test,0,0,192,255,3264,2448,192,256
10057,test,0,131,192,124,3264,2448,192,256
10058,test,0,0,256,191,1836,2448,256,192
10059,test,55,100,91,67,3264,2448,192,256
10060,test,24,53,145,147,3264,2448,192,256
10061,test,0,0,192,255,3264,2448,192,256
10062,test,0,0,192,255,3264,2448,192,256
10063,test,34,76,108,104,3264,2448,192,256
10064,test,0,0,192,255,3264,2448,192,256
10065,test,17,54,137,128,3264,2448,192,256
10066,test,0,0,192,253,3264,2448,192,256
10067,test,23,53,146,151,3264,2448,192,256
10068,test,0,0,192,255,3264,2448,192,256
10069,test,0,0,191,255,3272,2448,191,256
10070,test,0,0,192,255,3264,2448,192,256
10071,test,23,57,145,145,3264,2448,192,256
10072,test,0,22,192,139,3264,2448,192,256
10073,test,23,55,144,150,3264,2448,192,256
10074,test,0,0,192,255,3264,2448,192,256
10075,test,31,78,131,129,3264,2448,192,256
10076,test,0,0,192,255,3264,2448,192,256
10077,test,0,10,170,232,3264,2448,192,256
10078,test,53,112,94,117,3264,2448,192,256
10079,test,26,94,100,100,4352,2448,144,256
10080,test,35,70,124,122,3264,2448,192,256
10081,test,0,0,192,166,3264,2448,192,256
10082,test,0,110,192,145,3264,2448,192,256
10083,test,33,84,113,106,3264,2448,192,256
10084,test,18,56,153,153,3264,2448,192,256
10085,test,0,45,174,146,3264,2448,192,256
10086,test,0,0,192,155,3264,2448,192,256
10087,test,0,63,154,114,3264,2448,192,256
10088,test,24,43,150,167,3264,2448,192,256
10089,test,16,47,164,156,3264,2448,192,256
10090,test,0,0,192,229,3264,2448,192,256
10091,test,0,0,192,196,3264,2448,192,256
10092,test,0,70,173,137,3264,2448,192,256
10093,test,0,0,192,255,3264,2448,192,256
10094,test,47,80,95,102,3264,2448,192,256
10095,test,0,0,192,133,3264,2448,192,256
10096,test,0,30,176,160,3264,2448,192,256
10097,test,0,0,192,255,3264,2448,192,256
10098,test,0,0,192,255,3264,2448,192,256
10099,test,44,33,124,131,3264,2448,192,256
10100,test,72,49,112,117,1836,2448,256,192
10101,test,0,12,192,209,3264,2448,192,256
10102,test,0,26,192,196,3264,2448,192,256
10103,test,0,12,189,233,3264,2448,192,256
10104,test,0,4,186,241,3264,2448,192,256
10105,test,83,116,37,61,3264,2448,192,256
10106,test,0,0,192,255,3264,2448,192,256
10107,test,18,60,147,139,3264,2448,192,256
10108,test,0,0,192,219,3264,2448,192,256
10109,test,23,52,150,138,3264,2448,192,256
10110,test,41,49,108,147,3264,2448,192,256
10111,test,18,35,157,163,3264,2448,192,256
10112,test,0,103,192,152,3264,2448,192,256
10113,test,0,0,192,255,3264,2448,192,256
10114,test,0,0,192,255,3264,2448,192,256
10115,test,18,50,154,151,3264,2448,192,256
10116,test,0,0,192,255,3264,2448,192,256
10117,test,0,0,192,255,3264,2448,192,256
10118,test,0,0,192,255,3264,2448,192,256
10119,test,0,0,192,255,3264,2448,192,256
10120,test,0,0,192,255,3264,2448,192,256
10121,test,0,0,192,255,3264,2448,192,256
10122,test,0,27,192,197,3264,2448,192,256
10123,test,46,74,95,101,3264,2448,192,256
10124,test,0,0,192,255,3264,2448,192,256
10125,test,23,55,147,145,3264,2448,192,256
10126,test,0,165,192,90,3264,2448,192,256
10127,test,0,0,192,255,3264,2448,192,256
10128,test,0,16,170,167,3264,2448,192,256
10129,test,0,60,124,104,4352,2448,144,256
10130,test,0,34,192,178,3264,2448,192,256
10131,test,44,226,148,29,3264,2448,192,256
10132,test,0,42,179,150,3264,2448,192,256
10133,test,0,0,192,255,3264,2448,192,256
10134,test,31,65,111,123,3264,2448,192,256
10135,test,31,87,93,58,3264,2448,192,256
10136,test,3,72,153,124,3264,2448,192,256
10137,test,27,68,142,130,3264,2448,192,256
10138,test,0,16,192,199,3264,2448,192,256
10139,test,31,54,141,139,3264,2448,192,256
10140,test,0,11,192,163,3264,2448,192,256
10141,test,0,21,192,199,3264,2448,192,256
10142,test,11,83,160,151,3264,2448,192,256
10143,test,26,23,166,174,3264,2448,192,256
10144,test,12,80,147,151,3264,2448,192,256
10145,test,35,66,110,126,3264,2448,192,256
10146,test,4,55,116,113,4352,2448,144,256
10147,test,0,36,192,185,3264,2448,192,256
10148,test,60,69,100,136,3264,2448,192,256
10149,test,0,38,168,182,3264,2448,192,256
10150,test,28,52,150,150,3264,2448,192,256
10151,test,5,40,179,177,3264,2448,192,256
10152,test,44,72,103,94,3264,2448,192,256
10153,test,0,40,170,179,3264,2448,192,256
10154,test,0,0,192,255,3264,2448,192,256
10155,test,20,52,151,134,3264,2448,192,256
10156,test,26,48,155,154,3264,2448,192,256
10157,test,0,0,192,255,3264,2448,192,256
10158,test,0,0,192,255,3264,2448,192,256
10159,test,0,86,114,120,3264,2448,192,256
10160,test,0,0,192,255,3264,2448,192,256
10161,test,24,52,149,149,3264,2448,192,256
10162,test,79,0,113,120,3264,2448,192,256
10163,test,16,67,135,164,3264,2448,192,256
10164,test,39,52,122,98,3264,2448,192,256
10165,test,0,0,192,55,3264,2448,192,256
10166,test,0,0,192,255,3264,2448,192,256
10167,test,18,38,149,186,3264,2448,192,256
10168,test,0,0,192,255,3264,2448,192,256
10169,test,0,25,192,159,3264,2448,192,256
10170,test,42,61,132,128,3264,2448,192,256
10171,test,18,56,153,152,3264,2448,192,256
10172,test,0,0,178,142,3264,2448,192,256
10173,test,0,0,192,255,3264,2448,192,256
10174,test,0,183,192,72,3264,2448,192,256
10175,test,26,54,141,143,3264,2448,192,256
10176,test,22,54,149,148,3264,2448,192,256
10177,test,0,0,192,255,3264,2448,192,256
10178,test,20,53,171,154,3264,2448,192,256
10179,test,20,54,150,150,3264,2448,192,256
10180,test,23,50,140,153,3264,2448,192,256
10181,test,25,55,152,145,3264,2448,192,256
10182,test,8,80,135,77,3264,2448,192,256
10183,test,33,64,112,111,3264,2448,192,256
10184,test,0,0,192,255,3264,2448,192,256
10185,test,0,0,192,77,3264,2448,192,256
10186,test,0,0,192,255,3264,2448,192,256
10187,test,13,50,149,156,3264,2448,192,256
10188,test,14,65,145,150,3264,2448,192,256
10189,test,39,59,116,112,3264,2448,192,256
10190,test,0,0,192,255,3264,2448,192,256
10191,test,0,0,192,255,3264,2448,192,256
10192,test,0,0,192,255,3264,2448,192,256
10193,test,0,0,192,255,3264,2448,192,256
10194,test,0,13,191,242,3272,2448,191,256
10195,test,49,57,108,178,3264,2448,192,256
10196,test,0,0,192,255,3264,2448,192,256
10197,test,0,41,178,176,3264,2448,192,256
10198,test,0,0,192,255,3264,2448,192,256
10199,test,0,0,192,255,3264,2448,192,256
10200,test,30,63,127,125,3264,2448,192,256
10201,test,0,0,192,255,3264,2448,192,256
10202,test,21,55,149,161,3264,2448,192,256
10203,test,0,24,192,231,3264,2448,192,256
10204,test,18,47,153,158,3264,2448,192,256
10205,test,0,0,192,255,3264,2448,192,256
10206,test,25,56,141,147,3264,2448,192,256
10207,test,0,39,192,177,3264,2448,192,256
10208,test,25,37,139,157,3264,2448,192,256
10209,test,34,60,132,116,3264,2448,192,256
10210,test,20,44,139,138,3264,2448,192,256
10211,test,21,72,154,151,3264,2448,192,256
10212,test,0,91,192,164,3264,2448,192,256
10213,test,0,38,192,146,3264,2448,192,256
10214,test,27,34,96,150,3264,2448,192,256
10215,test,15,47,163,162,3264,2448,192,256
10216,test,29,67,163,155,3264,2448,192,256
10217,test,21,54,150,145,3264,2448,192,256
10218,test,0,21,192,196,3264,2448,192,256
10219,test,0,24,142,127,3264,2448,192,256
10220,test,36,74,109,107,3264,2448,192,256
10221,test,49,59,142,178,3264,2448,192,256
10222,test,15,44,145,123,3264,2448,192,256
10223,test,0,234,77,21,3264,2448,192,256
10224,test,0,0,192,255,3264,2448,192,256
10225,test,31,69,110,110,3264,2448,192,256
10226,test,0,94,121,118,4352,2448,144,256
10227,test,36,69,121,122,3264,2448,192,256
10228,test,22,53,149,144,3264,2448,192,256
10229,test,27,54,145,148,3264,2448,192,256
10230,test,0,38,165,183,3264,2448,192,256
10231,test,17,58,157,140,3264,2448,192,256
10232,test,19,53,162,152,3264,2448,192,256
10233,test,0,0,192,255,3264,2448,192,256
10234,test,13,60,148,146,3264,2448,192,256
10235,test,0,0,192,170,3264,2448,192,256
10236,test,0,113,144,106,3264,2448,192,256
10237,test,46,78,100,97,3264,2448,192,256
10238,test,0,0,192,255,3264,2448,192,256
10239,test,1,40,174,172,3264,2448,192,256
10240,test,0,46,177,176,3264,2448,192,256
10241,test,0,14,167,228,3264,2448,192,256
10242,test,0,0,192,70,3264,2448,192,256
10243,test,53,0,139,255,3264,2448,192,256
10244,test,0,33,181,200,3264,2448,192,256
10245,test,0,0,192,255,3264,2448,192,256
10246,test,88,214,104,41,3264,2448,192,256
10247,test,14,50,158,152,3264,2448,192,256
10248,test,32,48,139,150,3264,2448,192,256
10249,test,1,40,178,177,3264,2448,192,256
10250,test,0,13,121,69,3264,2448,192,256
10251,test,12,37,180,165,3264,2448,192,256
10252,test,18,50,149,151,3264,2448,192,256
10253,test,0,0,192,255,3264,2448,192,256
10254,test,39,85,98,98,3264,2448,192,256
10255,test,0,0,192,255,3264,2448,192,256
10256,test,0,0,192,255,3264,2448,192,256
10257,test,0,48,192,190,3264,2448,192,256
10258,test,0,0,192,247,3264,2448,192,256
10259,test,2,37,178,178,3264,2448,192,256
10260,test,24,53,135,150,3264,2448,192,256
10261,test,0,173,168,82,3264,2448,192,256
10262,test,0,45,132,147,4352,2448,144,256
10263,test,0,0,192,255,3264,2448,192,256
10264,test,0,36,179,180,3264,2448,192,256
10265,test,0,0,192,218,3264,2448,192,256
10266,test,29,0,147,172,3264,2448,192,256
10267,test,16,53,159,174,3264,2448,192,256
10268,test,3,92,130,95,3264,2448,192,256
10269,test,0,48,192,164,3264,2448,192,256
10270,test,0,0,192,255,3264,2448,192,256
10271,test,25,56,143,145,3264,2448,192,256
10272,test,0,0,192,255,3264,2448,192,256
10273,test,0,0,192,255,3264,2448,192,256
10274,test,0,0,192,255,3264,2448,192,256
10275,test,0,20,192,199,3264,2448,192,256
10276,test,19,48,156,153,3264,2448,192,256
10277,test,25,44,143,155,3264,2448,192,256
10278,test,34,58,101,100,3264,2448,192,256
10279,test,35,74,106,108,3264,2448,192,256
10280,test,0,0,192,255,3264,2448,192,256
10281,test,93,3,99,252,3264,2448,192,256
10282,test,30,38,116,119,3264,2448,192,256
10283,test,0,0,192,255,3264,2448,192,256
10284,test,0,0,256,191,1836,2448,256,192
10285,test,37,75,54,22,3264,2448,192,256
10286,test,0,0,192,88,3264,2448,192,256
10287,test,0,29,192,206,3264,2448,192,256
10288,test,20,51,138,153,3264,2448,192,256
10289,test,45,57,116,110,3264,2448,192,256
10290,test,10,37,128,153,3264,2448,192,256
10291,test,0,56,154,173,3264,2448,192,256
10292,test,0,80,172,97,3264,2448,192,256
10293,test,0,0,192,174,3264,2448,192,256
10294,test,19,51,149,150,3264,2448,192,256
10295,test,27,67,114,116,3264,2448,192,256
10296,test,0,0,192,255,3264,2448,192,256
10297,test,36,69,123,109,3264,2448,192,256
10298,test,0,0,192,255,3264,2448,192,256
10299,test,26,54,142,144,3264,2448,192,256
10300,test,0,0,192,255,3264,2448,192,256
10301,test,0,17,177,179,3264,2448,192,256
10302,test,4,40,178,177,3264,2448,192,256
10303,test,38,51,124,104,3264,2448,192,256
10304,test,0,202,192,53,3264,2448,192,256
10305,test,29,0,210,191,1836,2448,256,192
10306,test,29,34,122,178,3264,2448,192,256
10307,test,39,30,153,166,3264,2448,192,256
10308,test,31,76,112,109,3264,2448,192,256
10309,test,0,0,192,255,3264,2448,192,256
10310,test,0,0,192,255,3264,2448,192,256
10311,test,23,56,144,147,3264,2448,192,256
10312,test,0,0,192,255,3264,2448,192,256
10313,test,50,40,122,182,3264,2448,192,256
10314,test,0,0,164,186,3264,2448,192,256
10315,test,43,76,105,97,3264,2448,192,256
10316,test,24,65,126,113,3264,2448,192,256
10317,test,0,0,192,255,3264,2448,192,256
10318,test,62,91,75,69,3264,2448,192,256
10319,test,17,65,154,140,3264,2448,192,256
10320,test,0,0,192,227,3264,2448,192,256
10321,test,2,66,46,148,3264,2448,192,256
10322,test,0,34,157,184,3264,2448,192,256
10323,test,0,0,192,255,3264,2448,192,256
10324,test,0,0,192,255,3264,2448,192,256
10325,test,20,48,150,154,3264,2448,192,256
10326,test,83,0,131,152,1836,2448,256,192
10327,test,0,44,173,181,3264,2448,192,256
10328,test,19,34,153,181,3264,2448,192,256
10329,test,19,50,151,150,3264,2448,192,256
10330,test,31,77,113,114,3264,2448,192,256
10331,test,0,54,192,167,3264,2448,192,256
10332,test,0,0,192,90,3264,2448,192,256
10333,test,59,81,93,103,3264,2448,192,256
10334,test,57,82,75,100,3264,2448,192,256
10335,test,0,0,192,255,3264,2448,192,256
10336,test,9,23,183,213,3264,2448,192,256
10337,test,10,38,174,156,3264,2448,192,256
10338,test,0,0,191,255,3272,2448,191,256
10339,test,0,0,192,255,3264,2448,192,256
10340,test,24,55,145,146,3264,2448,192,256
10341,test,0,0,192,255,3264,2448,192,256
10342,test,0,39,171,174,3264,2448,192,256
10343,test,0,79,172,176,3264,2448,192,256
10344,test,0,0,162,106,3264,2448,192,256
10345,test,0,0,192,255,3264,2448,192,256
10346,test,0,15,180,216,3264,2448,192,256
10347,test,109,209,83,46,3264,2448,192,256
10348,test,0,20,170,161,3264,2448,192,256
10349,test,44,74,107,102,3264,2448,192,256
10350,test,0,35,165,185,3264,2448,192,256
10351,test,34,59,103,118,3264,2448,192,256
10352,test,0,0,192,255,3264,2448,192,256
10353,test,13,45,163,146,3264,2448,192,256
10354,test,0,150,192,105,3264,2448,192,256
10355,test,0,0,192,255,3264,2448,192,256
10356,test,19,77,133,104,3264,2448,192,256
10357,test,0,0,192,255,3264,2448,192,256
10358,test,24,51,137,136,3264,2448,192,256
10359,test,0,40,192,163,3264,2448,192,256
10360,test,17,64,122,120,3264,2448,192,256
10361,test,8,17,184,216,3264,2448,192,256
10362,test,20,97,123,90,4352,2448,144,256
10363,test,54,77,94,103,3264,2448,192,256
10364,test,0,0,192,255,3264,2448,192,256
10365,test,0,0,192,255,3264,2448,192,256
10366,test,46,75,101,106,3264,2448,192,256
10367,test,0,0,192,179,3264,2448,192,256
10368,test,24,61,168,151,3264,2448,192,256
10369,test,72,73,110,66,3264,2448,192,256
10370,test,0,0,192,221,3264,2448,192,256
10371,test,37,47,150,148,3264,2448,192,256
10372,test,14,39,178,162,3264,2448,192,256
10373,test,1,40,174,174,3264,2448,192,256
10374,test,0,40,178,177,3264,2448,192,256
10375,test,23,54,150,147,3264,2448,192,256
10376,test,0,13,192,209,3264,2448,192,256
10377,test,51,54,102,142,3264,2448,192,256
10378,test,14,59,160,140,3264,2448,192,256
10379,test,30,39,137,179,3264,2448,192,256
10380,test,4,96,173,104,3264,2448,192,256
10381,test,23,41,154,159,3264,2448,192,256
10382,test,0,0,192,255,3264,2448,192,256
10383,test,19,51,155,154,3264,2448,192,256
10384,test,0,36,168,177,3264,2448,192,256
10385,test,16,58,150,155,3264,2448,192,256
10386,test,43,81,98,75,3264,2448,192,256
10387,test,16,48,159,160,3264,2448,192,256
10388,test,0,196,192,59,3264,2448,192,256
10389,test,0,0,192,255,3264,2448,192,256
10390,test,0,0,256,191,1836,2448,256,192
10391,test,45,45,129,120,3264,2448,192,256
10392,test,76,119,116,122,3264,2448,192,256
10393,test,0,0,192,255,3264,2448,192,256
10394,test,97,19,112,172,1836,2448,256,192
10395,test,15,55,157,155,3264,2448,192,256
10396,test,21,0,169,242,3264,2448,192,256
10397,test,51,61,86,138,3264,2448,192,256
10398,test,0,0,192,254,3264,2448,192,256
10399,test,0,0,192,255,3264,2448,192,256
10400,test,19,51,143,158,3264,2448,192,256
10401,test,0,41,174,161,3264,2448,192,256
10402,test,11,14,181,228,3264,2448,192,256
10403,test,32,70,107,110,3264,2448,192,256
10404,test,10,53,158,142,3264,2448,192,256
10405,test,0,0,192,255,3264,2448,192,256
10406,test,0,18,192,196,3264,2448,192,256
10407,test,32,47,153,152,3264,2448,192,256
10408,test,0,0,192,255,3264,2448,192,256
10409,test,0,0,192,255,3264,2448,192,256
10410,test,0,39,154,129,3264,2448,192,256
10411,test,0,18,192,192,3264,2448,192,256
10412,test,28,45,146,149,3264,2448,192,256
10413,test,25,51,147,148,3264,2448,192,256
10414,test,25,45,143,155,3264,2448,192,256
10415,test,42,50,150,101,3264,2448,192,256
10416,test,19,52,153,149,3264,2448,192,256
10417,test,46,82,96,96,3264,2448,192,256
10418,test,0,11,192,232,3264,2448,192,256
10419,test,31,42,136,144,3264,2448,192,256
10420,test,22,54,148,145,3264,2448,192,256
10421,test,0,0,192,255,3264,2448,192,256
10422,test,46,69,108,109,3264,2448,192,256
10423,test,0,0,192,255,3264,2448,192,256
10424,test,36,66,110,113,3264,2448,192,256
10425,test,24,81,118,99,3264,2448,192,256
10426,test,0,0,192,255,3264,2448,192,256
10427,test,0,0,192,255,3264,2448,192,256
10428,test,35,18,173,172,1836,2448,256,192
10429,test,0,0,192,223,3264,2448,192,256
10430,test,27,46,129,134,3264,2448,192,256
10431,test,70,52,92,99,3264,2448,192,256
10432,test,67,95,65,62,3264,2448,192,256
10433,test,49,110,103,82,3264,2448,192,256
10434,test,11,53,139,118,3264,2448,192,256
10435,test,0,0,192,255,3264,2448,192,256
10436,test,0,0,192,255,3264,2448,192,256
10437,test,0,53,55,180,3264,2448,192,256
10438,test,46,69,103,136,3264,2448,192,256
10439,test,40,74,110,106,3264,2448,192,256
10440,test,32,50,116,134,3264,2448,192,256
10441,test,0,47,192,137,3264,2448,192,256
10442,test,0,38,168,177,3264,2448,192,256
10443,test,19,43,126,156,3264,2448,192,256
10444,test,20,53,155,152,3264,2448,192,256
10445,test,4,36,176,175,3264,2448,192,256
10446,test,0,60,144,140,3264,2448,192,256
10447,test,20,41,155,181,3264,2448,192,256
10448,test,0,0,192,255,3264,2448,192,256
10449,test,18,54,154,145,3264,2448,192,256
10450,test,0,0,192,255,3264,2448,192,256
10451,test,12,46,167,157,3264,2448,192,256
10452,test,8,42,175,179,3264,2448,192,256
10453,test,0,18,168,237,3264,2448,192,256
10454,test,0,0,192,255,3264,2448,192,256
10455,test,0,0,192,255,3264,2448,192,256
10456,test,31,58,136,138,3264,2448,192,256
10457,test,17,55,152,146,3264,2448,192,256
10458,test,0,50,144,156,4352,2448,144,256
10459,test,34,77,108,106,3264,2448,192,256
10460,test,0,0,192,255,3264,2448,192,256
10461,test,49,77,101,99,3264,2448,192,256
10462,test,0,0,192,255,3264,2448,192,256
10463,test,0,43,192,212,3264,2448,192,256
10464,test,0,0,192,192,3264,2448,192,256
10465,test,26,66,121,120,3264,2448,192,256
10466,test,0,0,192,255,3264,2448,192,256
10467,test,0,64,192,131,3264,2448,192,256
10468,test,14,54,163,146,3264,2448,192,256
10469,test,54,85,84,86,3264,2448,192,256
10470,test,18,54,157,152,3264,2448,192,256
10471,test,27,0,120,37,3264,2448,192,256
10472,test,25,55,148,147,3264,2448,192,256
10473,test,4,66,140,140,4352,2448,144,256
10474,test,22,58,146,137,3264,2448,192,256
10475,test,0,0,192,255,3264,2448,192,256
10476,test,0,0,192,255,3264,2448,192,256
10477,test,34,43,107,120,3264,2448,192,256
10478,test,0,0,192,170,3264,2448,192,256
10479,test,17,50,159,154,3264,2448,192,256
10480,test,0,60,140,137,3264,2448,192,256
10481,test,35,0,157,148,3264,2448,192,256
10482,test,40,75,97,100,3264,2448,192,256
10483,test,0,0,255,191,1836,2448,256,192
10484,test,0,0,192,214,3264,2448,192,256
10485,test,2,76,117,132,4352,2448,144,256
10486,test,0,0,192,255,3264,2448,192,256
10487,test,0,0,192,255,3264,2448,192,256
10488,test,22,0,223,165,1836,2448,256,192
10489,test,0,16,192,186,3264,2448,192,256
10490,test,0,0,99,64,3264,2448,192,256
10491,test,19,50,163,162,3264,2448,192,256
10492,test,51,79,95,87,3264,2448,192,256
10493,test,57,72,84,97,3264,2448,192,256
10494,test,0,0,192,255,3264,2448,192,256
10495,test,25,92,80,80,3264,2448,192,256
10496,test,0,0,192,255,3264,2448,192,256
10497,test,14,54,146,145,3264,2448,192,256
10498,test,41,84,78,75,3264,2448,192,256
10499,test,0,47,176,175,3264,2448,192,256
10500,test,0,0,192,255,3264,2448,192,256
10501,test,0,103,192,152,3264,2448,192,256
10502,test,63,51,80,98,3264,2448,192,256
10503,test,32,53,151,145,3264,2448,192,256
10504,test,24,54,143,145,3264,2448,192,256
10505,test,44,80,90,95,3264,2448,192,256
10506,test,0,0,192,255,3264,2448,192,256
10507,test,0,0,192,255,3264,2448,192,256
10508,test,0,0,192,255,3264,2448,192,256
10509,test,23,60,122,103,3264,2448,192,256
10510,test,0,47,168,151,3264,2448,192,256
10511,test,0,0,192,248,3264,2448,192,256
10512,test,26,53,139,149,3264,2448,192,256
10513,test,0,0,192,255,3264,2448,192,256
10514,test,49,0,207,191,1836,2448,256,192
10515,test,0,166,192,89,3264,2448,192,256
10516,test,0,37,192,168,3264,2448,192,256
10517,test,47,61,125,125,3264,2448,192,256
10518,test,42,35,131,147,3264,2448,192,256
10519,test,0,15,192,191,3264,2448,192,256
10520,test,17,53,156,153,3264,2448,192,256
10521,test,34,75,108,115,3264,2448,192,256
10522,test,23,37,126,92,3264,2448,192,256
10523,test,0,0,192,135,3264,2448,192,256
10524,test,0,0,192,255,3264,2448,192,256
10525,test,35,39,144,134,3264,2448,192,256
10526,test,13,40,167,170,3264,2448,192,256
10527,test,0,40,171,174,3264,2448,192,256
10528,test,0,0,192,255,3264,2448,192,256
10529,test,39,32,153,146,3264,2448,192,256
10530,test,3,37,167,186,3264,2448,192,256
10531,test,29,68,116,112,3264,2448,192,256
10532,test,0,23,180,205,3264,2448,192,256
10533,test,19,50,155,149,3264,2448,192,256
10534,test,0,1,192,254,3264,2448,192,256
10535,test,25,56,154,147,3264,2448,192,256
10536,test,0,25,192,193,3264,2448,192,256
10537,test,0,0,192,255,3264,2448,192,256
10538,test,0,0,192,255,3264,2448,192,256
10539,test,0,0,192,227,3264,2448,192,256
10540,test,19,0,175,191,1836,2448,256,192
10541,test,177,0,79,80,1836,2448,256,192
10542,test,11,121,181,134,3264,2448,192,256
10543,test,0,19,192,161,3264,2448,192,256
10544,test,37,61,127,128,3264,2448,192,256
10545,test,15,33,177,194,3264,2448,192,256
10546,test,0,0,192,255,3264,2448,192,256
10547,test,0,140,192,115,3264,2448,192,256
10548,test,0,0,192,255,3264,2448,192,256
10549,test,21,54,150,154,3264,2448,192,256
10550,test,0,0,192,164,3264,2448,192,256
10551,test,0,0,192,255,3264,2448,192,256
10552,test,17,69,139,120,3264,2448,192,256
10553,test,20,58,154,144,3264,2448,192,256
10554,test,29,53,138,135,3264,2448,192,256
10555,test,21,54,150,146,3264,2448,192,256
10556,test,0,22,175,197,3264,2448,192,256
10557,test,19,79,173,126,3264,2448,192,256
10558,test,0,0,254,176,1836,2448,256,192
10559,test,30,53,125,141,3264,2448,192,256
10560,test,30,54,140,139,3264,2448,192,256
10561,test,0,143,192,112,3264,2448,192,256
10562,test,23,53,143,151,3264,2448,192,256
10563,test,55,56,96,106,3264,2448,192,256
10564,test,0,0,192,255,3264,2448,192,256
10565,test,23,55,147,146,3264,2448,192,256
10566,test,0,0,192,255,3264,2448,192,256
10567,test,0,159,192,96,3264,2448,192,256
10568,test,24,124,138,110,3264,2448,192,256
10569,test,18,52,154,153,3264,2448,192,256
10570,test,32,53,144,140,3264,2448,192,256
10571,test,188,61,4,2,3264,2448,192,256
10572,test,1,44,175,173,3264,2448,192,256
10573,test,0,0,192,171,3264,2448,192,256
10574,test,3,36,160,211,3264,2448,192,256
10575,test,23,55,144,145,3264,2448,192,256
10576,test,41,49,111,143,3264,2448,192,256
10577,test,0,0,192,255,3264,2448,192,256
10578,test,45,77,100,97,3264,2448,192,256
10579,test,0,53,169,163,3264,2448,192,256
10580,test,0,0,192,255,3264,2448,192,256
10581,test,0,0,192,255,3264,2448,192,256
10582,test,0,0,192,255,3264,2448,192,256
10583,test,1,40,170,173,3264,2448,192,256
10584,test,21,51,150,150,3264,2448,192,256
10585,test,32,19,180,167,1836,2448,256,192
10586,test,0,0,192,255,3264,2448,192,256
10587,test,0,0,192,220,3264,2448,192,256
10588,test,0,41,156,158,3264,2448,192,256
10589,test,0,0,192,255,3264,2448,192,256
10590,test,0,0,192,255,3264,2448,192,256
10591,test,33,57,159,198,3264,2448,192,256
10592,test,19,72,129,118,3264,2448,192,256
10593,test,24,64,125,118,3264,2448,192,256
10594,test,0,0,192,255,3264,2448,192,256
10595,test,0,0,192,255,3264,2448,192,256
10596,test,44,83,85,88,3264,2448,192,256
10597,test,25,52,134,150,3264,2448,192,256
10598,test,2,38,180,187,3264,2448,192,256
10599,test,0,0,192,255,3264,2448,192,256
10600,test,0,22,143,209,4352,2448,144,256
10601,test,0,0,192,255,3264,2448,192,256
10602,test,5,2,187,234,3264,2448,192,256
10603,test,59,82,90,86,3264,2448,192,256
10604,test,20,49,148,160,3264,2448,192,256
10605,test,0,0,192,255,3264,2448,192,256
10606,test,17,44,157,153,3264,2448,192,256
10607,test,0,0,192,255,3264,2448,192,256
10608,test,14,56,162,143,3264,2448,192,256
10609,test,25,91,150,105,3264,2448,192,256
10610,test,14,41,142,166,3264,2448,192,256
10611,test,0,0,192,255,3264,2448,192,256
10612,test,16,46,157,89,3264,2448,192,256
10613,test,22,56,149,147,3264,2448,192,256
10614,test,22,50,147,151,3264,2448,192,256
10615,test,110,0,62,255,3264,2448,192,256
10616,test,0,0,192,255,3264,2448,192,256
10617,test,3,31,175,183,3264,2448,192,256
10618,test,19,62,125,163,3264,2448,192,256
10619,test,0,21,167,219,3264,2448,192,256
10620,test,0,0,192,255,3264,2448,192,256
10621,test,35,100,93,97,3264,2448,192,256
10622,test,33,66,123,122,3264,2448,192,256
10623,test,0,112,192,143,3264,2448,192,256
10624,test,0,0,192,255,3264,2448,192,256
10625,test,37,151,121,63,3264,2448,192,256
10626,test,0,0,192,255,3264,2448,192,256
10627,test,0,0,192,255,3264,2448,192,256
10628,test,35,71,114,122,3264,2448,192,256
10629,test,18,52,155,154,3264,2448,192,256
10630,test,24,51,137,137,3264,2448,192,256
10631,test,4,40,172,171,3264,2448,192,256
10632,test,39,65,121,126,3264,2448,192,256
10633,test,0,0,192,255,3264,2448,192,256
10634,test,0,40,171,174,3264,2448,192,256
10635,test,28,14,164,121,3264,2448,192,256
10636,test,0,0,192,216,3264,2448,192,256
10637,test,41,78,95,109,3264,2448,192,256
10638,test,25,68,123,127,3264,2448,192,256
10639,test,52,78,97,95,3264,2448,192,256
10640,test,12,0,180,57,3264,2448,192,256
10641,test,3,41,173,172,3264,2448,192,256
10642,test,0,0,192,104,3264,2448,192,256
10643,test,21,35,130,156,3264,2448,192,256
10644,test,18,52,156,145,3264,2448,192,256
10645,test,22,56,148,140,3264,2448,192,256
10646,test,24,55,145,146,3264,2448,192,256
10647,test,62,97,73,83,3264,2448,192,256
10648,test,4,65,140,127,4352,2448,144,256
10649,test,20,60,151,153,3264,2448,192,256
10650,test,0,0,192,255,3264,2448,192,256
10651,test,0,30,192,178,3264,2448,192,256
10652,test,0,0,192,255,3264,2448,192,256
10653,test,26,54,133,127,3264,2448,192,256
10654,test,23,17,132,187,3264,2448,192,256
10655,test,23,55,145,143,3264,2448,192,256
10656,test,52,93,93,100,3264,2448,192,256
10657,test,27,64,126,121,3264,2448,192,256
10658,test,17,46,151,146,3264,2448,192,256
10659,test,32,48,142,143,3264,2448,192,256
10660,test,0,0,192,255,3264,2448,192,256
10661,test,0,12,192,232,3264,2448,192,256
10662,test,21,52,152,149,3264,2448,192,256
10663,test,32,11,145,167,3264,2448,192,256
10664,test,0,0,192,255,3264,2448,192,256
10665,test,0,0,192,255,3264,2448,192,256
10666,test,35,57,129,130,3264,2448,192,256
10667,test,25,52,147,145,3264,2448,192,256
10668,test,0,0,192,255,3264,2448,192,256
10669,test,0,42,108,150,3264,2448,192,256
10670,test,0,0,192,255,3264,2448,192,256
10671,test,0,38,169,177,3264,2448,192,256
10672,test,0,0,192,255,3264,2448,192,256
10673,test,2,39,180,175,3264,2448,192,256
10674,test,0,0,192,255,3264,2448,192,256
10675,test,0,0,192,255,3264,2448,192,256
10676,test,20,49,156,155,3264,2448,192,256
10677,test,62,79,85,78,3264,2448,192,256
10678,test,15,45,166,163,3264,2448,192,256
10679,test,38,46,132,138,3264,2448,192,256
10680,test,0,0,192,255,3264,2448,192,256
10681,test,0,0,192,255,3264,2448,192,256
10682,test,0,0,192,255,3264,2448,192,256
10683,test,1,42,169,185,3264,2448,192,256
10684,test,0,178,192,77,3264,2448,192,256
10685,test,0,0,192,255,3264,2448,192,256
10686,test,30,64,129,172,3264,2448,192,256
10687,test,0,37,192,190,3264,2448,192,256
10688,test,0,24,149,186,3264,2448,192,256
10689,test,67,84,50,68,3264,2448,192,256
10690,test,11,53,142,120,3264,2448,192,256
10691,test,45,76,99,104,3264,2448,192,256
10692,test,18,47,156,156,3264,2448,192,256
10693,test,11,39,174,172,3264,2448,192,256
10694,test,22,44,145,154,3264,2448,192,256
10695,test,23,44,138,149,3264,2448,192,256
10696,test,72,30,118,112,1836,2448,256,192
10697,test,43,0,213,191,1836,2448,256,192
10698,test,0,29,139,122,3264,2448,192,256
10699,test,18,53,156,154,3272,2448,191,256
10700,test,0,22,192,199,3264,2448,192,256
10701,test,16,46,162,158,3264,2448,192,256
10702,test,36,71,104,102,3264,2448,192,256
10703,test,0,0,192,255,3264,2448,192,256
10704,test,19,51,155,144,3264,2448,192,256
10705,test,0,0,192,207,3264,2448,192,256
10706,test,11,45,160,157,3264,2448,192,256
10707,test,3,42,171,177,3264,2448,192,256
10708,test,18,27,174,139,3264,2448,192,256
10709,test,17,30,147,161,3264,2448,192,256
10710,test,23,50,142,149,3264,2448,192,256
10711,test,27,39,151,167,3264,2448,192,256
10712,test,19,52,155,116,3264,2448,192,256
10713,test,0,0,192,255,3264,2448,192,256
10714,test,0,38,171,175,3264,2448,192,256
10715,test,24,48,119,145,4352,2448,144,256
10716,test,0,0,192,255,3264,2448,192,256
10717,test,21,55,156,147,3264,2448,192,256
10718,test,74,25,109,118,1836,2448,256,192
10719,test,0,38,178,188,3264,2448,192,256
10720,test,0,32,172,181,3264,2448,192,256
10721,test,37,76,108,107,3264,2448,192,256
10722,test,23,54,146,147,3264,2448,192,256
10723,test,35,37,137,136,3264,2448,192,256
10724,test,18,39,160,161,3264,2448,192,256
10725,test,0,0,192,255,3264,2448,192,256
10726,test,0,0,192,255,3264,2448,192,256
10727,test,53,81,92,91,3264,2448,192,256
10728,test,27,36,133,173,3264,2448,192,256
10729,test,56,77,93,89,3264,2448,192,256
10730,test,19,44,155,152,3264,2448,192,256
10731,test,18,52,152,147,3264,2448,192,256
10732,test,0,0,192,255,3264,2448,192,256
10733,test,0,35,192,166,3264,2448,192,256
10734,test,14,0,178,207,3264,2448,192,256
10735,test,1,68,154,150,3264,2448,192,256
10736,test,22,46,150,161,3264,2448,192,256
10737,test,17,49,158,144,3264,2448,192,256
10738,test,0,0,192,255,3264,2448,192,256
10739,test,15,44,163,146,3264,2448,192,256
10740,test,20,45,135,111,3264,2448,192,256
10741,test,0,44,160,102,3264,2448,192,256
10742,test,38,102,120,124,3264,2448,192,256
10743,test,0,59,141,160,3264,2448,192,256
10744,test,52,79,90,94,3264,2448,192,256
10745,test,0,3,192,252,3264,2448,192,256
10746,test,0,25,192,205,3264,2448,192,256
10747,test,27,76,139,123,3264,2448,192,256
10748,test,21,25,146,134,3264,2448,192,256
10749,test,0,0,192,190,3264,2448,192,256
10750,test,22,61,143,140,3264,2448,192,256
10751,test,27,45,120,115,3264,2448,192,256
10752,test,0,20,192,173,3264,2448,192,256
10753,test,0,0,192,255,3264,2448,192,256
10754,test,0,0,192,185,3264,2448,192,256
10755,test,5,40,173,172,3264,2448,192,256
10756,test,21,50,154,152,3264,2448,192,256
10757,test,74,13,119,177,1836,2448,256,192
10758,test,0,0,192,255,3264,2448,192,256
10759,test,0,0,192,98,3264,2448,192,256
10760,test,0,165,192,90,3264,2448,192,256
10761,test,0,42,134,184,3264,2448,192,256
10762,test,0,40,154,174,3264,2448,192,256
10763,test,94,56,98,147,3264,2448,192,256
10764,test,3,37,141,139,3264,2448,192,256
10765,test,29,0,163,224,3264,2448,192,256
10766,test,35,63,113,108,3264,2448,192,256
10767,test,36,66,107,111,3264,2448,192,256
10768,test,0,0,192,255,3264,2448,192,256
10769,test,0,40,116,125,3264,2448,192,256
10770,test,16,54,163,157,3264,2448,192,256
10771,test,52,18,119,133,3264,2448,192,256
10772,test,0,0,192,72,3264,2448,192,256
10773,test,0,0,192,255,3264,2448,192,256
10774,test,27,29,165,174,3264,2448,192,256
10775,test,15,54,133,129,3264,2448,192,256
10776,test,0,36,177,177,3264,2448,192,256
10777,test,58,64,85,109,3264,2448,192,256
10778,test,0,12,192,211,3264,2448,192,256
10779,test,25,52,145,147,3264,2448,192,256
10780,test,0,35,181,185,3264,2448,192,256
10781,test,8,14,183,223,3264,2448,192,256
10782,test,20,58,151,142,3264,2448,192,256
10783,test,23,55,150,150,3264,2448,192,256
10784,test,0,0,192,255,3264,2448,192,256
10785,test,0,0,192,255,3264,2448,192,256
10786,test,0,0,192,255,3264,2448,192,256
10787,test,0,0,192,255,3264,2448,192,256
10788,test,0,0,192,255,3264,2448,192,256
10789,test,0,0,192,222,3264,2448,192,256
10790,test,69,64,68,87,3264,2448,192,256
10791,test,0,39,169,175,3264,2448,192,256
10792,test,10,51,157,140,3264,2448,192,256
10793,test,0,0,192,255,3264,2448,192,256
10794,test,21,28,140,152,3264,2448,192,256
10795,test,0,0,192,255,3264,2448,192,256
10796,test,0,0,192,255,3264,2448,192,256
10797,test,58,19,170,141,1836,2448,256,192
10798,test,0,0,192,255,3264,2448,192,256
10799,test,22,55,148,147,3264,2448,192,256
10800,test,0,65,192,109,3264,2448,192,256
10801,test,49,76,97,99,3264,2448,192,256
10802,test,0,28,144,174,4352,2448,144,256
10803,test,0,43,192,161,3264,2448,192,256
10804,test,0,0,192,255,3264,2448,192,256
10805,test,0,47,192,194,3264,2448,192,256
10806,test,0,0,192,255,3264,2448,192,256
10807,test,48,80,96,90,3264,2448,192,256
10808,test,21,49,148,152,3264,2448,192,256
10809,test,23,54,146,149,3264,2448,192,256
10810,test,0,0,192,255,3264,2448,192,256
10811,test,28,53,127,124,3264,2448,192,256
10812,test,2,38,178,179,3264,2448,192,256
10813,test,17,16,175,239,3264,2448,192,256
10814,test,21,54,150,149,3264,2448,192,256
10815,test,45,75,147,133,3264,2448,192,256
10816,test,126,123,66,132,3264,2448,192,256
10817,test,19,43,146,161,3264,2448,192,256
10818,test,3,38,179,178,3264,2448,192,256
10819,test,21,55,150,149,3264,2448,192,256
10820,test,0,40,178,177,3264,2448,192,256
10821,test,0,0,192,255,3264,2448,192,256
10822,test,0,0,192,255,3264,2448,192,256
10823,test,24,56,145,143,3264,2448,192,256
10824,test,25,50,143,142,3264,2448,192,256
10825,test,122,21,49,129,1836,2448,256,192
10826,test,23,53,148,140,3264,2448,192,256
10827,test,8,37,159,106,3264,2448,192,256
10828,test,42,17,129,147,1836,2448,256,192
10829,test,24,68,56,146,3264,2448,192,256
10830,test,20,52,151,156,3264,2448,192,256
10831,test,0,0,192,255,3264,2448,192,256
10832,test,0,0,192,255,3264,2448,192,256
10833,test,14,35,178,168,3264,2448,192,256
10834,test,36,71,108,117,3264,2448,192,256
10835,test,0,0,192,255,3264,2448,192,256
10836,test,0,42,192,157,3264,2448,192,256
10837,test,48,45,126,126,3264,2448,192,256
10838,test,78,130,85,79,3264,2448,192,256
10839,test,0,0,192,220,3264,2448,192,256
10840,test,0,16,192,201,3264,2448,192,256
10841,test,0,0,192,183,3264,2448,192,256
10842,test,28,41,131,176,3264,2448,192,256
10843,test,0,0,192,255,3264,2448,192,256
10844,test,20,57,142,146,3264,2448,192,256
10845,test,0,23,192,191,3264,2448,192,256
10846,test,23,54,169,138,3264,2448,192,256
10847,test,34,73,92,117,3264,2448,192,256
10848,test,16,77,121,118,3264,2448,192,256
10849,test,0,0,192,255,3264,2448,192,256
10850,test,0,0,192,255,3264,2448,192,256
10851,test,40,76,99,97,3264,2448,192,256
10852,test,20,66,134,146,3264,2448,192,256
10853,test,29,45,130,128,3264,2448,192,256
10854,test,0,56,192,160,3264,2448,192,256
10855,test,0,0,192,255,3264,2448,192,256
10856,test,131,0,61,123,3264,2448,192,256
10857,test,0,22,192,199,3264,2448,192,256
10858,test,1,32,178,175,3264,2448,192,256
10859,test,16,52,161,155,3264,2448,192,256
10860,test,45,52,132,30,3264,2448,192,256
10861,test,12,52,148,148,3264,2448,192,256
10862,test,48,78,83,73,3264,2448,192,256
10863,test,19,49,155,146,3264,2448,192,256
10864,test,17,51,119,122,3264,2448,192,256
10865,test,32,72,119,119,3264,2448,192,256
10866,test,0,55,145,146,3264,2448,192,256
10867,test,21,49,133,157,3264,2448,192,256
10868,test,36,69,116,116,3264,2448,192,256
10869,test,13,49,149,149,3264,2448,192,256
10870,test,27,59,142,161,3264,2448,192,256
10871,test,0,0,192,255,3264,2448,192,256
10872,test,24,54,147,150,3264,2448,192,256
10873,test,18,51,150,144,3264,2448,192,256
10874,test,0,0,192,255,3264,2448,192,256
10875,test,0,45,172,182,3264,2448,192,256
10876,test,0,46,159,136,3264,2448,192,256
10877,test,38,83,98,94,3264,2448,192,256
10878,test,0,0,192,255,3264,2448,192,256
10879,test,20,44,155,125,3264,2448,192,256
10880,test,1,44,176,168,3264,2448,192,256
10881,test,23,68,141,129,3264,2448,192,256
10882,test,0,0,192,255,3264,2448,192,256
10883,test,0,44,192,152,3264,2448,192,256
10884,test,0,0,192,255,3264,2448,192,256
10885,test,0,72,192,183,3264,2448,192,256
10886,test,19,53,152,146,3264,2448,192,256
10887,test,0,0,192,255,3264,2448,192,256
10888,test,0,0,192,255,3264,2448,192,256
10889,test,51,104,141,151,3264,2448,192,256
10890,test,0,0,192,116,3264,2448,192,256
10891,test,0,0,156,141,3264,2448,192,256
10892,test,35,79,108,108,3264,2448,192,256
10893,test,0,19,180,201,3264,2448,192,256
10894,test,0,0,192,255,3264,2448,192,256
10895,test,18,59,135,112,3264,2448,192,256
10896,test,47,70,97,105,3264,2448,192,256
10897,test,0,0,192,255,3264,2448,192,256
10898,test,46,29,135,212,3264,2448,192,256
10899,test,49,36,80,144,3264,2448,192,256
10900,test,53,63,99,116,3264,2448,192,256
10901,test,23,52,146,144,3264,2448,192,256
10902,test,24,55,147,147,3264,2448,192,256
10903,test,28,53,138,138,3264,2448,192,256
10904,test,7,55,170,117,3264,2448,192,256
10905,test,0,8,192,242,3264,2448,192,256
10906,test,0,0,192,255,3264,2448,192,256
10907,test,12,77,134,107,3264,2448,192,256
10908,test,0,0,192,255,3264,2448,192,256
10909,test,41,59,100,126,3264,2448,192,256
10910,test,42,84,92,87,3264,2448,192,256
10911,test,21,50,149,147,3264,2448,192,256
10912,test,0,0,176,168,3264,2448,192,256
10913,test,21,49,151,151,3264,2448,192,256
10914,test,0,0,192,249,3264,2448,192,256
10915,test,37,44,145,126,1836,2448,256,192
10916,test,41,81,101,63,3264,2448,192,256
10917,test,0,41,171,172,3264,2448,192,256
10918,test,0,55,168,132,3264,2448,192,256
10919,test,22,79,107,105,3264,2448,192,256
10920,test,28,67,115,124,3264,2448,192,256
10921,test,0,0,192,255,3264,2448,192,256
10922,test,41,55,110,90,3264,2448,192,256
10923,test,15,14,166,219,3264,2448,192,256
10924,test,0,17,192,210,3264,2448,192,256
10925,test,32,63,111,118,3264,2448,192,256
10926,test,0,39,192,203,3264,2448,192,256
10927,test,0,0,95,255,3264,2448,192,256
10928,test,32,68,106,116,3264,2448,192,256
10929,test,0,57,171,122,3264,2448,192,256
10930,test,0,34,173,177,3264,2448,192,256
10931,test,58,91,80,80,3264,2448,192,256
10932,test,0,0,192,255,3264,2448,192,256
10933,test,38,72,101,119,3264,2448,192,256
10934,test,20,11,172,189,3264,2448,192,256
10935,test,0,0,192,255,3264,2448,192,256
10936,test,24,52,148,147,3264,2448,192,256
10937,test,0,0,192,255,3264,2448,192,256
10938,test,21,52,151,151,3264,2448,192,256
10939,test,16,25,165,171,3264,2448,192,256
10940,test,37,77,102,101,3264,2448,192,256
10941,test,0,0,192,251,3264,2448,192,256
10942,test,48,1,174,172,1836,2448,256,192
10943,test,28,39,58,94,3264,2448,192,256
10944,test,12,42,161,166,3264,2448,192,256
10945,test,57,78,73,83,3264,2448,192,256
10946,test,0,0,189,255,3264,2448,192,256
10947,test,0,16,151,158,3264,2448,192,256
10948,test,34,67,107,111,3264,2448,192,256
10949,test,0,0,192,255,3264,2448,192,256
10950,test,2,23,143,99,3264,2448,192,256
10951,test,79,59,104,102,1836,2448,256,192
10952,test,23,60,147,136,3264,2448,192,256
10953,test,0,0,191,255,3272,2448,191,256
10954,test,22,54,148,146,3264,2448,192,256
10955,test,0,48,173,149,3264,2448,192,256
10956,test,3,8,189,225,3264,2448,192,256
10957,test,0,0,192,255,3264,2448,192,256
10958,test,0,0,192,255,3264,2448,192,256
10959,test,0,0,192,255,3264,2448,192,256
10960,test,0,0,192,255,3264,2448,192,256
10961,test,17,25,175,202,3264,2448,192,256
10962,test,55,94,119,117,3264,2448,192,256
10963,test,0,0,192,64,3264,2448,192,256
10964,test,0,12,192,208,3264,2448,192,256
10965,test,32,29,160,171,3264,2448,192,256
10966,test,0,0,192,255,3264,2448,192,256
10967,test,22,63,147,152,3272,2448,191,256
10968,test,0,40,192,174,3264,2448,192,256
10969,test,0,0,192,255,3264,2448,192,256
10970,test,85,55,88,104,3264,2448,192,256
10971,test,0,0,192,255,3264,2448,192,256
10972,test,35,72,112,127,3264,2448,192,256
10973,test,25,42,140,145,3264,2448,192,256
10974,test,19,51,158,154,3264,2448,192,256
10975,test,0,0,192,255,3264,2448,192,256
10976,test,31,48,137,138,3264,2448,192,256
10977,test,22,54,149,147,3264,2448,192,256
10978,test,68,52,89,106,3264,2448,192,256
10979,test,0,0,192,255,3264,2448,192,256
10980,test,0,38,160,164,3264,2448,192,256
10981,test,52,81,84,85,3264,2448,192,256
10982,test,31,38,138,148,3264,2448,192,256
10983,test,0,18,146,166,3264,2448,192,256
10984,test,0,0,192,255,3264,2448,192,256
10985,test,51,51,68,92,3264,2448,192,256
10986,test,26,54,141,151,3264,2448,192,256
10987,test,0,0,192,200,3264,2448,192,256
10988,test,20,53,153,151,3264,2448,192,256
10989,test,45,80,85,78,3264,2448,192,256
10990,test,32,0,160,221,3264,2448,192,256
10991,test,0,0,192,255,3264,2448,192,256
10992,test,0,178,192,76,3264,2448,192,256
10993,test,39,32,131,187,3264,2448,192,256
10994,test,0,0,192,207,3264,2448,192,256
10995,test,15,60,164,149,3264,2448,192,256
10996,test,0,0,192,255,3264,2448,192,256
10997,test,35,51,110,116,3264,2448,192,256
10998,test,0,0,192,255,3264,2448,192,256
10999,test,23,48,148,147,3264,2448,192,256
11000,test,63,0,76,128,3264,2448,192,256
11001,test,53,76,86,93,3264,2448,192,256
11002,test,138,68,37,134,3264,2448,192,256
11003,test,62,33,119,130,1836,2448,256,192
11004,test,0,0,192,255,3264,2448,192,256
11005,test,0,0,192,255,3264,2448,192,256
11006,test,61,124,101,110,3264,2448,192,256
11007,test,18,49,150,147,3264,2448,192,256
11008,test,0,0,192,255,3264,2448,192,256
11009,test,0,0,192,255,3264,2448,192,256
11010,test,29,41,163,130,3264,2448,192,256
11011,test,0,0,192,255,3264,2448,192,256
11012,test,0,3,189,252,3264,2448,192,256
11013,test,0,0,192,255,3264,2448,192,256
11014,test,32,64,145,131,3264,2448,192,256
11015,test,0,0,192,255,3264,2448,192,256
11016,test,15,66,149,80,3264,2448,192,256
11017,test,0,49,176,206,3264,2448,192,256
11018,test,0,0,192,214,3264,2448,192,256
11019,test,0,39,137,216,3264,2448,192,256
11020,test,49,75,97,98,3264,2448,192,256
11021,test,13,105,112,87,3264,2448,192,256
11022,test,22,51,151,149,3264,2448,192,256
11023,test,0,8,138,214,3264,2448,192,256
11024,test,0,0,192,218,3264,2448,192,256
11025,test,25,40,133,167,3264,2448,192,256
11026,test,44,88,61,53,3264,2448,192,256
11027,test,0,215,192,40,3264,2448,192,256
11028,test,43,37,94,145,3264,2448,192,256
11029,test,42,81,101,97,3264,2448,192,256
11030,test,22,35,170,200,3264,2448,192,256
11031,test,0,0,192,255,3264,2448,192,256
11032,test,28,80,145,118,3264,2448,192,256
11033,test,0,0,192,255,3264,2448,192,256
11034,test,33,74,106,107,3264,2448,192,256
11035,test,42,63,150,150,3264,2448,192,256
11036,test,0,31,180,186,3264,2448,192,256
11037,test,61,92,93,66,3264,2448,192,256
11038,test,0,18,192,237,3264,2448,192,256
11039,test,0,44,175,178,3264,2448,192,256
11040,test,0,0,192,255,3264,2448,192,256
11041,test,3,38,179,178,3264,2448,192,256
11042,test,0,0,192,255,3264,2448,192,256
11043,test,0,0,65,213,3264,2448,192,256
11044,test,0,35,192,174,3264,2448,192,256
11045,test,51,77,98,85,3264,2448,192,256
11046,test,21,54,149,149,3264,2448,192,256
11047,test,0,0,192,255,3264,2448,192,256
11048,test,0,0,192,255,3264,2448,192,256
11049,test,0,0,192,255,3264,2448,192,256
11050,test,34,19,110,177,3264,2448,192,256
11051,test,46,45,95,153,3264,2448,192,256
11052,test,0,0,192,255,3264,2448,192,256
11053,test,0,0,192,255,3264,2448,192,256
11054,test,0,24,192,217,3264,2448,192,256
11055,test,67,62,74,94,3264,2448,192,256
11056,test,56,32,80,145,3264,2448,192,256
11057,test,26,64,93,109,3264,2448,192,256
11058,test,0,0,192,255,3264,2448,192,256
11059,test,0,0,192,239,3264,2448,192,256
11060,test,0,0,192,255,3264,2448,192,256
11061,test,0,0,192,75,3264,2448,192,256
11062,test,49,75,96,98,3264,2448,192,256
11063,test,45,59,122,120,3264,2448,192,256
11064,test,0,0,192,255,3264,2448,192,256
11065,test,0,0,192,255,3264,2448,192,256
11066,test,0,0,192,255,3264,2448,192,256
11067,test,0,77,163,122,3264,2448,192,256
11068,test,21,52,151,152,3264,2448,192,256
11069,test,18,37,145,157,3264,2448,192,256
11070,test,0,72,192,147,3264,2448,192,256
11071,test,0,0,192,255,3264,2448,192,256
11072,test,0,0,192,255,3264,2448,192,256
11073,test,19,57,157,144,3264,2448,192,256
11074,test,20,51,152,153,3264,2448,192,256
11075,test,1,11,186,235,3264,2448,192,256
11076,test,0,0,192,255,3264,2448,192,256
11077,test,0,19,188,236,3264,2448,192,256
11078,test,0,0,192,255,3264,2448,192,256
11079,test,0,45,174,179,3264,2448,192,256
11080,test,40,24,182,167,1836,2448,256,192
11081,test,9,37,173,175,3264,2448,192,256
11082,test,21,54,152,139,3264,2448,192,256
11083,test,25,56,113,112,3264,2448,192,256
11084,test,36,15,175,173,1836,2448,256,192
11085,test,0,0,192,255,3264,2448,192,256
11086,test,21,54,148,147,3264,2448,192,256
11087,test,19,47,149,151,3264,2448,192,256
11088,test,52,53,85,112,3264,2448,192,256
11089,test,0,14,192,191,3264,2448,192,256
11090,test,6,47,81,97,3264,2448,192,256
11091,test,48,78,96,90,3264,2448,192,256
11092,test,0,0,192,255,3264,2448,192,256
11093,test,0,0,192,255,3264,2448,192,256
11094,test,0,34,192,157,3264,2448,192,256
11095,test,0,0,192,255,3264,2448,192,256
11096,test,0,0,192,255,3264,2448,192,256
11097,test,1,39,178,178,3264,2448,192,256
11098,test,22,54,150,142,3264,2448,192,256
11099,test,28,57,164,158,3264,2448,192,256
11100,test,0,45,174,174,3264,2448,192,256
11101,test,38,75,108,81,3264,2448,192,256
11102,test,15,55,153,145,3264,2448,192,256
11103,test,17,74,146,117,3264,2448,192,256
11104,test,23,55,147,146,3264,2448,192,256
11105,test,31,46,115,148,3264,2448,192,256
11106,test,16,43,155,153,3264,2448,192,256
11107,test,16,30,176,225,3264,2448,192,256
11108,test,21,52,148,146,3264,2448,192,256
11109,test,0,34,161,115,3264,2448,192,256
11110,test,0,0,192,224,3264,2448,192,256
11111,test,42,135,110,98,3264,2448,192,256
11112,test,0,0,192,255,3264,2448,192,256
11113,test,0,0,192,255,3264,2448,192,256
11114,test,0,0,192,255,3264,2448,192,256
11115,test,47,81,126,115,3264,2448,192,256
11116,test,0,0,192,255,3264,2448,192,256
11117,test,0,91,163,148,3264,2448,192,256
11118,test,28,52,141,149,3264,2448,192,256
11119,test,0,0,192,255,3264,2448,192,256
11120,test,30,69,137,129,3264,2448,192,256
11121,test,0,44,165,162,3264,2448,192,256
11122,test,0,0,192,255,3264,2448,192,256
11123,test,28,58,144,135,3264,2448,192,256
11124,test,31,54,142,147,3264,2448,192,256
11125,test,14,0,205,191,1836,2448,256,192
11126,test,0,0,192,255,3264,2448,192,256
11127,test,0,147,173,108,3264,2448,192,256
11128,test,122,31,51,178,3264,2448,192,256
11129,test,31,73,113,127,3264,2448,192,256
11130,test,25,46,138,162,3264,2448,192,256
11131,test,31,0,145,162,3264,2448,192,256
11132,test,0,39,178,191,3264,2448,192,256
11133,test,0,0,192,89,3264,2448,192,256
11134,test,20,40,143,157,3264,2448,192,256
11135,test,0,0,192,255,3264,2448,192,256
11136,test,22,65,125,127,3264,2448,192,256
11137,test,29,68,113,118,3264,2448,192,256
11138,test,0,0,192,118,3264,2448,192,256
11139,test,23,54,85,89,3264,2448,192,256
11140,test,18,66,153,147,3264,2448,192,256
11141,test,0,0,192,255,3264,2448,192,256
11142,test,0,60,192,183,3264,2448,192,256
11143,test,13,42,172,179,3264,2448,192,256
11144,test,19,52,155,149,3264,2448,192,256
11145,test,0,43,176,175,3264,2448,192,256
11146,test,0,0,192,122,3264,2448,192,256
11147,test,54,79,94,93,3264,2448,192,256
11148,test,24,50,144,143,3264,2448,192,256
11149,test,0,36,176,184,3264,2448,192,256
11150,test,20,52,154,147,3264,2448,192,256
11151,test,23,58,141,146,3264,2448,192,256
11152,test,0,216,192,39,3264,2448,192,256
11153,test,0,0,192,99,3264,2448,192,256
11154,test,0,0,192,208,3264,2448,192,256
11155,test,21,52,149,153,3264,2448,192,256
11156,test,46,66,92,109,3264,2448,192,256
11157,test,0,40,173,156,3264,2448,192,256
11158,test,12,26,180,166,3264,2448,192,256
11159,test,17,49,153,149,3264,2448,192,256
11160,test,19,53,155,152,3264,2448,192,256
11161,test,36,35,143,160,3264,2448,192,256
11162,test,0,12,149,181,3264,2448,192,256
11163,test,35,25,157,157,3264,2448,192,256
11164,test,44,53,93,89,3264,2448,192,256
11165,test,26,54,150,148,3264,2448,192,256
11166,test,66,0,160,150,1836,2448,256,192
11167,test,0,34,192,221,3264,2448,192,256
11168,test,21,50,148,148,3264,2448,192,256
11169,test,0,57,192,142,3264,2448,192,256
11170,test,48,66,82,123,3264,2448,192,256
11171,test,0,2,173,229,3264,2448,192,256
11172,test,0,0,192,255,3264,2448,192,256
11173,test,0,0,256,191,1836,2448,256,192
11174,test,0,49,192,170,3264,2448,192,256
11175,test,57,31,88,137,3264,2448,192,256
11176,test,59,69,110,125,3264,2448,192,256
11177,test,0,41,170,173,3264,2448,192,256
11178,test,0,34,173,178,3264,2448,192,256
11179,test,0,50,175,153,3264,2448,192,256
11180,test,30,42,135,129,3264,2448,192,256
11181,test,0,0,192,255,3264,2448,192,256
11182,test,0,0,192,255,3264,2448,192,256
11183,test,1,53,182,102,3264,2448,192,256
11184,test,50,77,92,94,3264,2448,192,256
11185,test,0,38,174,180,3264,2448,192,256
11186,test,22,47,145,153,3264,2448,192,256
11187,test,96,0,96,204,3264,2448,192,256
11188,test,33,87,111,102,3264,2448,192,256
11189,test,19,49,147,154,3264,2448,192,256
11190,test,24,53,146,150,3264,2448,192,256
11191,test,26,79,121,128,3264,2448,192,256
11192,test,0,0,192,255,3264,2448,192,256
11193,test,25,54,146,147,3264,2448,192,256
11194,test,46,72,102,97,3264,2448,192,256
11195,test,0,0,192,255,3264,2448,192,256
11196,test,0,0,192,238,3264,2448,192,256
11197,test,0,0,192,198,3264,2448,192,256
11198,test,0,0,192,252,3264,2448,192,256
11199,test,0,0,192,255,3264,2448,192,256
11200,test,0,0,192,255,3264,2448,192,256
11201,test,31,73,110,112,3264,2448,192,256
11202,test,0,18,192,207,3264,2448,192,256
11203,test,20,33,134,178,3264,2448,192,256
11204,test,0,116,192,139,3264,2448,192,256
11205,test,27,76,118,116,3264,2448,192,256
11206,test,33,65,105,117,3264,2448,192,256
11207,test,0,0,192,234,3264,2448,192,256
11208,test,44,50,102,110,3264,2448,192,256
11209,test,85,25,104,104,1836,2448,256,192
11210,test,20,58,140,133,3264,2448,192,256
11211,test,0,139,192,116,3264,2448,192,256
11212,test,0,0,192,255,3264,2448,192,256
11213,test,46,75,74,87,3264,2448,192,256
11214,test,26,47,148,151,3264,2448,192,256
11215,test,20,51,151,149,3264,2448,192,256
11216,test,0,0,192,255,3264,2448,192,256
11217,test,16,51,154,153,3264,2448,192,256
11218,test,0,0,192,226,3264,2448,192,256
11219,test,28,68,115,118,3264,2448,192,256
11220,test,0,151,192,104,3264,2448,192,256
11221,test,0,0,192,255,3264,2448,192,256
11222,test,15,44,124,141,3264,2448,192,256
11223,test,18,51,151,150,3264,2448,192,256
11224,test,34,24,158,188,3264,2448,192,256
11225,test,41,71,100,109,3264,2448,192,256
11226,test,20,54,155,160,3264,2448,192,256
11227,test,0,0,192,231,3264,2448,192,256
11228,test,0,0,192,255,3264,2448,192,256
11229,test,0,0,192,255,3264,2448,192,256
11230,test,21,51,151,154,3264,2448,192,256
11231,test,0,0,192,255,3264,2448,192,256
11232,test,0,0,192,255,3264,2448,192,256
11233,test,0,23,192,212,3264,2448,192,256
11234,test,18,76,145,100,3264,2448,192,256
11235,test,0,0,192,255,3264,2448,192,256
11236,test,0,20,192,186,3264,2448,192,256
11237,test,0,0,192,255,3264,2448,192,256
11238,test,66,43,109,174,3264,2448,192,256
11239,test,0,0,192,255,3264,2448,192,256
11240,test,0,0,192,255,3264,2448,192,256
11241,test,44,60,121,123,3264,2448,192,256
11242,test,33,90,11,9,3264,2448,192,256
11243,test,44,71,56,77,3264,2448,192,256
11244,test,22,57,144,146,3264,2448,192,256
11245,test,26,51,143,148,3264,2448,192,256
11246,test,9,42,150,149,3264,2448,192,256
11247,test,15,59,141,124,3264,2448,192,256
11248,test,18,54,153,136,3264,2448,192,256
11249,test,0,46,158,109,3264,2448,192,256
11250,test,0,0,192,255,3264,2448,192,256
11251,test,0,47,177,159,3264,2448,192,256
11252,test,42,52,118,119,3264,2448,192,256
11253,test,12,28,158,186,3264,2448,192,256
11254,test,0,0,192,255,3264,2448,192,256
11255,test,54,0,138,122,3264,2448,192,256
11256,test,0,0,192,255,3264,2448,192,256
11257,test,35,33,109,166,3264,2448,192,256
11258,test,0,0,192,255,3264,2448,192,256
11259,test,0,33,192,186,3264,2448,192,256
11260,test,34,0,139,99,3264,2448,192,256
11261,test,54,0,171,191,1836,2448,256,192
11262,test,47,70,122,87,3264,2448,192,256
11263,test,19,50,158,153,3264,2448,192,256
11264,test,69,44,106,141,3264,2448,192,256
11265,test,0,20,192,195,3264,2448,192,256
11266,test,30,58,129,125,3264,2448,192,256
11267,test,0,0,192,255,3264,2448,192,256
11268,test,35,68,124,118,3264,2448,192,256
11269,test,11,42,167,172,3264,2448,192,256
11270,test,32,51,126,139,3264,2448,192,256
11271,test,0,0,192,255,3264,2448,192,256
11272,test,0,25,192,230,3264,2448,192,256
11273,test,0,0,192,182,3264,2448,192,256
11274,test,0,0,192,202,3264,2448,192,256
11275,test,0,0,192,255,3264,2448,192,256
11276,test,54,74,95,80,3264,2448,192,256
11277,test,23,53,148,147,3264,2448,192,256
11278,test,14,42,178,155,3264,2448,192,256
11279,test,67,44,168,110,1836,2448,256,192
11280,test,0,0,192,255,3264,2448,192,256
11281,test,0,0,192,255,3264,2448,192,256
11282,test,0,34,180,179,3264,2448,192,256
11283,test,15,47,177,168,3264,2448,192,256
11284,test,0,0,192,255,3264,2448,192,256
11285,test,0,0,192,255,3264,2448,192,256
11286,test,5,41,178,176,3264,2448,192,256
11287,test,28,52,134,133,3264,2448,192,256
11288,test,0,0,192,255,3264,2448,192,256
11289,test,0,0,192,255,3264,2448,192,256
11290,test,23,53,151,149,3264,2448,192,256
11291,test,0,0,192,71,3264,2448,192,256
11292,test,68,99,54,57,3264,2448,192,256
11293,test,33,82,110,109,3264,2448,192,256
11294,test,16,47,153,155,3264,2448,192,256
11295,test,55,73,100,100,3264,2448,192,256
11296,test,0,0,192,255,3264,2448,192,256
11297,test,0,55,192,182,3264,2448,192,256
11298,test,30,75,126,97,3264,2448,192,256
11299,test,60,57,85,121,3264,2448,192,256
11300,test,0,123,139,84,3264,2448,192,256
11301,test,0,0,192,255,3264,2448,192,256
11302,test,44,83,121,100,3264,2448,192,256
11303,test,23,57,138,115,3264,2448,192,256
11304,test,41,79,97,90,3264,2448,192,256
11305,test,15,50,162,140,3264,2448,192,256
11306,test,0,0,192,255,3264,2448,192,256
11307,test,0,0,192,255,3264,2448,192,256
11308,test,23,54,148,146,3264,2448,192,256
11309,test,0,15,181,184,3264,2448,192,256
11310,test,0,29,192,83,3264,2448,192,256
11311,test,29,71,115,110,3264,2448,192,256
11312,test,26,99,143,79,3264,2448,192,256
11313,test,31,65,109,111,3264,2448,192,256
11314,test,24,55,150,150,3264,2448,192,256
11315,test,33,14,178,169,1836,2448,256,192
11316,test,0,0,192,255,3264,2448,192,256
11317,test,41,71,112,113,3264,2448,192,256
11318,test,39,88,127,133,3264,2448,192,256
11319,test,0,0,192,255,3264,2448,192,256
11320,test,0,0,192,255,3264,2448,192,256
11321,test,20,0,201,191,1836,2448,256,192
11322,test,0,25,192,219,3264,2448,192,256
11323,test,11,38,181,176,3264,2448,192,256
11324,test,18,61,152,141,3264,2448,192,256
11325,test,22,54,146,140,3264,2448,192,256
11326,test,26,54,142,145,3264,2448,192,256
11327,test,28,55,139,142,3264,2448,192,256
11328,test,0,0,192,255,3264,2448,192,256
11329,test,0,23,171,214,3264,2448,192,256
11330,test,28,56,147,135,3264,2448,192,256
11331,test,0,0,192,95,3264,2448,192,256
11332,test,30,58,135,124,3264,2448,192,256
11333,test,0,46,150,149,3264,2448,192,256
11334,test,0,0,192,202,3264,2448,192,256
11335,test,27,58,109,121,3264,2448,192,256
11336,test,0,26,192,187,3264,2448,192,256
11337,test,18,28,159,184,3264,2448,192,256
11338,test,24,70,139,90,3264,2448,192,256
11339,test,30,48,138,143,3264,2448,192,256
11340,test,11,78,147,133,3264,2448,192,256
11341,test,0,0,192,255,3264,2448,192,256
11342,test,1,40,175,174,3264,2448,192,256
11343,test,0,41,180,192,3264,2448,192,256
11344,test,38,71,120,117,3264,2448,192,256
11345,test,17,51,158,157,3264,2448,192,256
11346,test,41,72,98,102,3264,2448,192,256
11347,test,0,51,192,147,3264,2448,192,256
11348,test,3,4,189,250,3264,2448,192,256
11349,test,0,0,192,255,3264,2448,192,256
11350,test,26,51,149,147,3264,2448,192,256
11351,test,21,54,146,145,3264,2448,192,256
11352,test,74,0,118,126,3264,2448,192,256
11353,test,37,50,145,144,3264,2448,192,256
11354,test,0,0,192,255,3264,2448,192,256
11355,test,26,71,119,118,3264,2448,192,256
11356,test,0,0,192,255,3264,2448,192,256
11357,test,20,72,97,109,4352,2448,144,256
11358,test,27,53,146,139,3264,2448,192,256
11359,test,29,75,115,113,3264,2448,192,256
11360,test,0,0,192,255,3264,2448,192,256
11361,test,0,0,192,115,3264,2448,192,256
11362,test,20,52,150,143,3264,2448,192,256
11363,test,46,85,90,91,3264,2448,192,256
11364,test,13,53,156,156,3264,2448,192,256
11365,test,19,50,150,152,3264,2448,192,256
11366,test,0,39,162,161,3264,2448,192,256
11367,test,34,76,105,110,3264,2448,192,256
11368,test,0,0,169,139,3264,2448,192,256
11369,test,0,0,192,255,3264,2448,192,256
11370,test,0,0,192,255,3264,2448,192,256
11371,test,39,65,120,116,3264,2448,192,256
11372,test,29,121,99,72,3264,2448,192,256
11373,test,0,0,192,161,3264,2448,192,256
11374,test,41,60,118,130,3264,2448,192,256
11375,test,0,14,192,201,3264,2448,192,256
11376,test,45,83,92,78,3264,2448,192,256
11377,test,14,53,120,152,3264,2448,192,256
11378,test,0,0,173,187,3264,2448,192,256
11379,test,142,54,32,137,3264,2448,192,256
11380,test,35,63,111,123,3264,2448,192,256
11381,test,12,46,148,148,3264,2448,192,256
11382,test,22,38,147,133,3264,2448,192,256
11383,test,20,55,156,145,3264,2448,192,256
11384,test,21,53,149,148,3264,2448,192,256
11385,test,0,0,191,193,3272,2448,191,256
11386,test,21,53,147,150,3264,2448,192,256
11387,test,51,81,98,88,3264,2448,192,256
11388,test,0,0,192,255,3264,2448,192,256
11389,test,0,0,192,255,3264,2448,192,256
11390,test,36,67,115,114,3264,2448,192,256
11391,test,0,79,124,120,3264,2448,192,256
11392,test,14,38,146,162,3264,2448,192,256
11393,test,84,34,92,93,3264,2448,192,256
11394,test,41,77,122,97,3264,2448,192,256
11395,test,0,97,173,158,3264,2448,192,256
11396,test,0,0,192,255,3264,2448,192,256
11397,test,21,44,148,156,3264,2448,192,256
11398,test,0,42,155,174,3264,2448,192,256
11399,test,16,61,176,152,3264,2448,192,256
11400,test,20,47,155,142,3264,2448,192,256
11401,test,23,53,151,150,3264,2448,192,256
11402,test,20,43,172,150,3264,2448,192,256
11403,test,20,50,154,140,3264,2448,192,256
11404,test,0,34,166,189,3264,2448,192,256
11405,test,0,0,192,255,3264,2448,192,256
11406,test,0,0,192,255,3264,2448,192,256
11407,test,0,78,170,177,3264,2448,192,256
11408,test,0,0,192,255,3264,2448,192,256
11409,test,20,81,128,115,3264,2448,192,256
11410,test,2,41,180,174,3264,2448,192,256
11411,test,0,29,186,203,3264,2448,192,256
11412,test,71,98,68,66,3264,2448,192,256
11413,test,23,55,147,145,3264,2448,192,256
11414,test,44,52,120,192,3264,2448,192,256
11415,test,26,77,135,110,3264,2448,192,256
11416,test,0,38,192,164,3264,2448,192,256
11417,test,19,80,116,108,3264,2448,192,256
11418,test,31,79,110,112,3264,2448,192,256
11419,test,35,71,143,133,3264,2448,192,256
11420,test,38,75,118,115,3264,2448,192,256
11421,test,17,48,156,155,3264,2448,192,256
11422,test,16,36,172,158,3264,2448,192,256
11423,test,0,25,192,208,3264,2448,192,256
11424,test,0,0,192,255,3264,2448,192,256
11425,test,37,70,104,113,3264,2448,192,256
11426,test,0,46,171,180,3264,2448,192,256
11427,test,20,66,110,90,3264,2448,192,256
11428,test,17,53,163,140,3264,2448,192,256
11429,test,0,0,192,255,3264,2448,192,256
11430,test,51,81,88,97,3264,2448,192,256
11431,test,17,54,156,155,3264,2448,192,256
11432,test,44,33,129,178,3264,2448,192,256
11433,test,18,51,157,152,3264,2448,192,256
11434,test,0,38,192,150,3264,2448,192,256
11435,test,35,62,98,61,3264,2448,192,256
11436,test,2,31,169,181,3264,2448,192,256
11437,test,0,53,86,120,3264,2448,192,256
11438,test,62,93,73,48,3264,2448,192,256
11439,test,0,0,192,255,3264,2448,192,256
11440,test,0,0,61,255,3264,2448,192,256
11441,test,5,41,176,174,3264,2448,192,256
11442,test,23,0,233,191,1836,2448,256,192
11443,test,6,35,173,174,3264,2448,192,256
11444,test,0,0,192,255,3264,2448,192,256
11445,test,0,0,192,217,3264,2448,192,256
11446,test,27,56,150,149,3264,2448,192,256
11447,test,0,0,192,255,3264,2448,192,256
11448,test,38,53,85,79,3264,2448,192,256
11449,test,34,70,108,122,3264,2448,192,256
11450,test,0,44,179,178,3264,2448,192,256
11451,test,47,102,96,123,3264,2448,192,256
11452,test,12,51,180,131,3264,2448,192,256
11453,test,16,57,158,141,3264,2448,192,256
11454,test,0,0,192,255,3264,2448,192,256
11455,test,39,57,108,138,3264,2448,192,256
11456,test,0,0,192,215,3264,2448,192,256
11457,test,0,0,192,192,3264,2448,192,256
11458,test,24,59,146,136,3264,2448,192,256
11459,test,37,62,100,86,3264,2448,192,256
11460,test,45,83,96,113,3264,2448,192,256
11461,test,20,78,131,125,3264,2448,192,256
11462,test,0,66,192,160,3264,2448,192,256
11463,test,23,55,146,144,3264,2448,192,256
11464,test,0,46,148,209,3264,2448,192,256
11465,test,22,83,132,93,3264,2448,192,256
11466,test,31,42,134,168,3264,2448,192,256
11467,test,0,0,192,255,3264,2448,192,256
11468,test,11,44,167,158,3264,2448,192,256
11469,test,21,52,153,149,3264,2448,192,256
11470,test,43,72,104,109,3264,2448,192,256
11471,test,59,74,82,93,3264,2448,192,256
11472,test,19,49,158,141,3264,2448,192,256
11473,test,19,40,157,161,3264,2448,192,256
11474,test,0,0,192,255,3264,2448,192,256
11475,test,0,0,190,253,3264,2448,192,256
11476,test,29,81,120,126,3264,2448,192,256
11477,test,0,59,127,108,3264,2448,192,256
11478,test,15,54,160,129,3264,2448,192,256
11479,test,0,44,177,177,3264,2448,192,256
11480,test,21,50,122,98,3264,2448,192,256
11481,test,0,0,192,255,3264,2448,192,256
11482,test,27,20,129,158,3264,2448,192,256
11483,test,15,47,177,161,3264,2448,192,256
11484,test,20,55,138,146,3264,2448,192,256
11485,test,18,13,174,179,3264,2448,192,256
11486,test,26,62,113,119,3264,2448,192,256
11487,test,40,31,152,145,3264,2448,192,256
11488,test,0,14,192,184,3264,2448,192,256
11489,test,0,0,192,255,3264,2448,192,256
11490,test,19,42,148,159,3264,2448,192,256
11491,test,24,50,146,150,3264,2448,192,256
11492,test,54,46,91,126,3264,2448,192,256
11493,test,0,0,192,255,3264,2448,192,256
11494,test,39,73,111,109,3264,2448,192,256
11495,test,72,0,138,166,1836,2448,256,192
11496,test,30,57,133,131,3264,2448,192,256
11497,test,0,0,192,255,3264,2448,192,256
11498,test,46,18,130,92,3264,2448,192,256
11499,test,14,55,159,154,3264,2448,192,256
11500,test,13,41,97,168,3264,2448,192,256
11501,test,20,62,138,132,3264,2448,192,256
11502,test,0,0,192,255,3264,2448,192,256
11503,test,0,29,191,209,3272,2448,191,256
11504,test,0,0,192,193,3264,2448,192,256
11505,test,41,85,74,69,3264,2448,192,256
11506,test,4,38,171,175,3264,2448,192,256
11507,test,0,0,192,233,3264,2448,192,256
11508,test,0,43,192,149,3264,2448,192,256
11509,test,36,76,106,105,3264,2448,192,256
11510,test,0,0,192,255,3264,2448,192,256
11511,test,21,67,149,130,3264,2448,192,256
11512,test,18,49,157,152,3264,2448,192,256
11513,test,71,91,120,114,3264,2448,192,256
11514,test,0,0,192,217,3264,2448,192,256
11515,test,0,0,192,255,3264,2448,192,256
11516,test,0,0,192,255,3264,2448,192,256
11517,test,0,0,192,255,3264,2448,192,256
11518,test,0,0,192,255,3264,2448,192,256
11519,test,0,0,192,255,3264,2448,192,256
11520,test,0,0,192,255,3264,2448,192,256
11521,test,39,0,153,252,3264,2448,192,256
11522,test,23,55,150,142,3264,2448,192,256
11523,test,0,0,192,255,3264,2448,192,256
11524,test,32,52,126,145,3264,2448,192,256
11525,test,50,42,104,77,3264,2448,192,256
11526,test,67,56,70,85,3264,2448,192,256
11527,test,32,74,114,112,3264,2448,192,256
11528,test,0,0,192,255,3264,2448,192,256
11529,test,18,52,153,144,3264,2448,192,256
11530,test,32,94,118,119,3264,2448,192,256
11531,test,29,54,111,107,3264,2448,192,256
11532,test,28,52,146,151,3264,2448,192,256
11533,test,0,0,192,255,3264,2448,192,256
11534,test,20,51,150,148,3264,2448,192,256
11535,test,38,66,119,126,3264,2448,192,256
11536,test,0,0,192,255,3264,2448,192,256
11537,test,21,52,153,148,3264,2448,192,256
11538,test,0,0,192,255,3264,2448,192,256
11539,test,0,43,173,175,3264,2448,192,256
11540,test,0,37,177,181,3264,2448,192,256
11541,test,0,25,192,188,3264,2448,192,256
11542,test,0,0,192,163,3264,2448,192,256
11543,test,0,0,192,255,3264,2448,192,256
11544,test,50,93,104,100,3264,2448,192,256
11545,test,7,79,165,91,3264,2448,192,256
11546,test,20,53,154,153,3272,2448,191,256
11547,test,47,76,118,90,3264,2448,192,256
11548,test,8,51,157,140,3264,2448,192,256
11549,test,46,72,104,100,3264,2448,192,256
11550,test,0,0,192,255,3264,2448,192,256
11551,test,1,37,169,188,3264,2448,192,256
11552,test,22,53,148,148,3264,2448,192,256
11553,test,1,46,176,174,3264,2448,192,256
11554,test,0,0,192,255,3264,2448,192,256
11555,test,0,0,192,255,3264,2448,192,256
11556,test,0,0,192,119,3264,2448,192,256
11557,test,0,0,192,255,3264,2448,192,256
11558,test,0,0,192,255,3264,2448,192,256
11559,test,64,84,63,74,3264,2448,192,256
11560,test,21,43,153,160,3264,2448,192,256
11561,test,0,0,192,255,3264,2448,192,256
11562,test,0,47,138,188,3264,2448,192,256
11563,test,25,57,153,147,3264,2448,192,256
11564,test,0,0,192,255,3264,2448,192,256
11565,test,0,0,192,255,3264,2448,192,256
11566,test,0,0,192,255,3264,2448,192,256
11567,test,26,53,146,146,3264,2448,192,256
11568,test,20,53,151,145,3264,2448,192,256
11569,test,0,15,192,207,3264,2448,192,256
11570,test,32,53,149,149,3264,2448,192,256
11571,test,0,36,182,181,3264,2448,192,256
11572,test,14,50,166,152,3264,2448,192,256
11573,test,14,51,159,117,3264,2448,192,256
11574,test,0,0,192,255,3264,2448,192,256
11575,test,0,0,192,255,3264,2448,192,256
11576,test,31,47,148,135,3264,2448,192,256
11577,test,0,35,186,183,3264,2448,192,256
11578,test,0,37,175,181,3264,2448,192,256
11579,test,1,41,93,174,3264,2448,192,256
11580,test,39,63,122,142,3264,2448,192,256
11581,test,12,22,180,174,3264,2448,192,256
11582,test,0,0,192,255,3264,2448,192,256
11583,test,19,46,152,152,3264,2448,192,256
11584,test,0,40,170,174,3264,2448,192,256
11585,test,0,0,192,255,3264,2448,192,256
11586,test,22,52,145,147,3264,2448,192,256
11587,test,0,63,192,146,3264,2448,192,256
11588,test,0,0,192,255,3264,2448,192,256
11589,test,0,0,192,255,3264,2448,192,256
11590,test,16,47,158,162,3264,2448,192,256
11591,test,19,33,155,173,3264,2448,192,256
11592,test,0,49,176,166,3264,2448,192,256
11593,test,18,51,156,147,3264,2448,192,256
11594,test,0,47,179,178,3264,2448,192,256
11595,test,39,74,100,103,3264,2448,192,256
11596,test,17,44,134,125,3264,2448,192,256
11597,test,32,70,126,113,3264,2448,192,256
11598,test,0,51,140,163,3264,2448,192,256
11599,test,24,50,144,150,3264,2448,192,256
11600,test,0,0,192,255,3264,2448,192,256
11601,test,43,73,82,90,3264,2448,192,256
11602,test,24,69,117,106,3264,2448,192,256
11603,test,0,34,190,152,3264,2448,192,256
11604,test,0,16,192,220,3264,2448,192,256
11605,test,32,58,116,123,3264,2448,192,256
11606,test,23,45,98,136,3264,2448,192,256
11607,test,27,49,139,143,3264,2448,192,256
11608,test,32,46,114,123,3264,2448,192,256
11609,test,0,0,192,255,3264,2448,192,256
11610,test,49,75,98,95,3264,2448,192,256
11611,test,61,87,84,90,3264,2448,192,256
11612,test,0,0,192,255,3264,2448,192,256
11613,test,0,37,167,180,3264,2448,192,256
11614,test,0,71,104,86,3264,2448,192,256
11615,test,16,44,153,155,3264,2448,192,256
11616,test,19,51,154,147,3264,2448,192,256
11617,test,0,26,192,196,3264,2448,192,256
11618,test,49,98,143,80,3264,2448,192,256
11619,test,23,56,147,145,3264,2448,192,256
11620,test,0,0,192,255,3264,2448,192,256
11621,test,0,0,192,255,3264,2448,192,256
11622,test,1,41,173,172,3264,2448,192,256
11623,test,22,55,150,148,3264,2448,192,256
11624,test,0,0,192,255,3264,2448,192,256
11625,test,0,0,192,219,3264,2448,192,256
11626,test,0,51,192,152,3264,2448,192,256
11627,test,0,0,192,255,3264,2448,192,256
11628,test,47,88,100,92,3264,2448,192,256
11629,test,52,87,72,82,3264,2448,192,256
11630,test,28,49,146,158,3264,2448,192,256
11631,test,0,0,192,255,3264,2448,192,256
11632,test,0,0,86,255,3264,2448,192,256
11633,test,0,0,192,255,3264,2448,192,256
11634,test,37,24,184,167,1836,2448,256,192
11635,test,38,91,94,111,3264,2448,192,256
11636,test,22,39,156,167,3264,2448,192,256
11637,test,47,78,135,109,3264,2448,192,256
11638,test,0,0,192,255,3264,2448,192,256
11639,test,21,50,145,155,3264,2448,192,256
11640,test,0,37,192,166,3264,2448,192,256
11641,test,0,0,192,255,3264,2448,192,256
11642,test,51,124,75,64,3264,2448,192,256
11643,test,0,63,165,167,3264,2448,192,256
11644,test,75,57,105,105,1836,2448,256,192
11645,test,0,0,192,255,3264,2448,192,256
11646,test,18,61,156,129,3264,2448,192,256
11647,test,38,16,99,178,3264,2448,192,256
11648,test,0,144,192,111,3264,2448,192,256
11649,test,34,60,148,189,3264,2448,192,256
11650,test,0,0,192,255,3264,2448,192,256
11651,test,0,28,192,190,3264,2448,192,256
11652,test,47,81,98,98,3264,2448,192,256
11653,test,24,53,156,135,3264,2448,192,256
11654,test,0,0,192,255,3264,2448,192,256
11655,test,23,54,151,149,3264,2448,192,256
11656,test,46,69,119,101,3264,2448,192,256
11657,test,0,0,152,173,3264,2448,192,256
11658,test,29,63,110,144,3264,2448,192,256
11659,test,34,75,109,107,3264,2448,192,256
11660,test,30,62,112,125,3264,2448,192,256
11661,test,17,50,158,156,3272,2448,191,256
11662,test,0,0,192,255,3264,2448,192,256
11663,test,0,0,192,255,3264,2448,192,256
11664,test,0,0,192,255,3264,2448,192,256
11665,test,50,34,98,116,3264,2448,192,256
11666,test,30,48,162,168,3264,2448,192,256
11667,test,22,63,148,144,3264,2448,192,256
11668,test,26,63,165,131,3264,2448,192,256
11669,test,0,0,176,165,3264,2448,192,256
11670,test,0,0,192,255,3264,2448,192,256
11671,test,1,68,99,106,4352,2448,144,256
11672,test,41,79,108,103,3264,2448,192,256
11673,test,24,53,168,202,3264,2448,192,256
11674,test,0,0,192,255,3264,2448,192,256
11675,test,42,69,134,186,3264,2448,192,256
11676,test,0,0,192,255,3264,2448,192,256
11677,test,0,0,159,107,3264,2448,192,256
11678,test,0,0,192,255,3264,2448,192,256
11679,test,0,0,192,192,3264,2448,192,256
11680,test,22,64,141,107,3264,2448,192,256
11681,test,24,51,150,149,3264,2448,192,256
11682,test,28,59,136,142,3264,2448,192,256
11683,test,0,0,192,255,3264,2448,192,256
11684,test,0,35,172,175,3264,2448,192,256
11685,test,0,0,192,255,3264,2448,192,256
11686,test,0,0,192,255,3264,2448,192,256
11687,test,0,0,192,236,3264,2448,192,256
11688,test,0,0,192,255,3264,2448,192,256
11689,test,16,66,163,153,3264,2448,192,256
11690,test,49,81,97,109,3264,2448,192,256
11691,test,13,56,149,139,3264,2448,192,256
11692,test,26,55,150,149,3264,2448,192,256
11693,test,0,0,192,255,3264,2448,192,256
11694,test,0,0,192,255,3264,2448,192,256
11695,test,22,60,144,140,3264,2448,192,256
11696,test,37,55,130,136,3264,2448,192,256
11697,test,38,85,100,129,3264,2448,192,256
11698,test,31,52,138,129,3264,2448,192,256
11699,test,18,42,152,135,3264,2448,192,256
11700,test,3,40,168,159,3264,2448,192,256
11701,test,19,57,151,147,3264,2448,192,256
11702,test,27,70,122,122,3264,2448,192,256
11703,test,16,47,160,146,3264,2448,192,256
11704,test,67,87,108,128,3264,2448,192,256
11705,test,0,0,192,255,3264,2448,192,256
11706,test,21,50,171,149,3264,2448,192,256
11707,test,40,50,99,121,3264,2448,192,256
11708,test,0,0,192,223,3264,2448,192,256
11709,test,50,76,103,110,3264,2448,192,256
11710,test,20,50,108,97,3264,2448,192,256
11711,test,0,14,192,206,3264,2448,192,256
11712,test,0,0,192,255,3264,2448,192,256
11713,test,19,50,149,148,3264,2448,192,256
11714,test,21,46,149,147,3264,2448,192,256
11715,test,34,15,107,127,3264,2448,192,256
11716,test,48,79,95,93,3264,2448,192,256
11717,test,28,48,139,143,3264,2448,192,256
11718,test,53,84,89,81,3264,2448,192,256
11719,test,27,121,70,83,4352,2448,144,256
11720,test,0,0,192,207,3264,2448,192,256
11721,test,26,51,103,97,3264,2448,192,256
11722,test,46,65,99,110,3264,2448,192,256
11723,test,0,0,192,255,3264,2448,192,256
11724,test,0,0,192,255,3264,2448,192,256
11725,test,56,76,90,90,3264,2448,192,256
11726,test,0,0,192,255,3264,2448,192,256
11727,test,0,50,179,135,3264,2448,192,256
11728,test,13,43,168,167,3264,2448,192,256
11729,test,42,105,137,123,3264,2448,192,256
11730,test,20,48,124,129,4352,2448,144,256
11731,test,15,45,177,210,3264,2448,192,256
11732,test,0,30,192,178,3264,2448,192,256
11733,test,23,53,135,138,3264,2448,192,256
11734,test,31,20,106,139,3264,2448,192,256
11735,test,0,0,192,255,3264,2448,192,256
11736,test,46,75,99,88,3264,2448,192,256
11737,test,22,49,147,151,3264,2448,192,256
11738,test,53,44,101,123,3264,2448,192,256
11739,test,0,0,192,255,3264,2448,192,256
11740,test,18,53,157,146,3264,2448,192,256
11741,test,10,11,145,124,3264,2448,192,256
11742,test,0,0,192,226,3264,2448,192,256
11743,test,0,0,192,217,3264,2448,192,256
11744,test,51,66,100,101,3264,2448,192,256
11745,test,20,58,151,143,3264,2448,192,256
11746,test,25,55,144,142,3264,2448,192,256
11747,test,14,65,147,152,3264,2448,192,256
11748,test,0,0,192,255,3264,2448,192,256
11749,test,0,0,192,255,3264,2448,192,256
11750,test,0,60,192,154,3264,2448,192,256
11751,test,0,0,192,255,3264,2448,192,256
11752,test,43,66,81,104,3264,2448,192,256
11753,test,0,26,176,204,3264,2448,192,256
11754,test,0,61,152,146,3264,2448,192,256
11755,test,125,100,67,144,3264,2448,192,256
11756,test,19,53,173,142,3264,2448,192,256
11757,test,32,63,147,148,3264,2448,192,256
11758,test,24,62,142,129,3264,2448,192,256
11759,test,0,163,192,92,3264,2448,192,256
11760,test,27,54,145,143,3264,2448,192,256
11761,test,72,56,55,108,3264,2448,192,256
11762,test,48,75,100,94,3264,2448,192,256
11763,test,32,70,123,111,3264,2448,192,256
11764,test,36,56,81,89,3264,2448,192,256
11765,test,17,63,141,148,3264,2448,192,256
11766,test,33,53,139,123,3264,2448,192,256
11767,test,49,77,95,97,3264,2448,192,256
11768,test,0,0,192,255,3264,2448,192,256
11769,test,17,47,156,158,3264,2448,192,256
11770,test,21,22,150,180,3264,2448,192,256
11771,test,0,0,192,255,3264,2448,192,256
11772,test,0,0,192,255,3264,2448,192,256
11773,test,33,59,128,127,3264,2448,192,256
11774,test,0,70,167,151,3264,2448,192,256
11775,test,0,0,192,255,3264,2448,192,256
11776,test,50,70,115,96,3264,2448,192,256
11777,test,23,48,111,104,3264,2448,192,256
11778,test,0,0,192,255,3264,2448,192,256
11779,test,15,97,159,121,3264,2448,192,256
11780,test,0,62,168,149,3264,2448,192,256
11781,test,25,55,151,149,3264,2448,192,256
11782,test,30,48,132,117,3264,2448,192,256
11783,test,79,33,119,111,1836,2448,256,192
11784,test,32,55,121,117,3264,2448,192,256
11785,test,28,66,117,115,3264,2448,192,256
11786,test,17,57,145,144,3264,2448,192,256
11787,test,27,79,131,129,3264,2448,192,256
11788,test,0,42,175,173,3264,2448,192,256
11789,test,0,60,192,154,3264,2448,192,256
11790,test,0,0,192,255,3264,2448,192,256
11791,test,0,36,168,179,3264,2448,192,256
11792,test,0,0,192,252,3264,2448,192,256
11793,test,35,48,140,145,3264,2448,192,256
11794,test,0,0,192,188,3264,2448,192,256
11795,test,100,0,156,177,1836,2448,256,192
11796,test,0,28,171,184,3264,2448,192,256
11797,test,0,0,192,255,3264,2448,192,256
11798,test,22,56,149,146,3264,2448,192,256
11799,test,17,43,157,155,3264,2448,192,256
11800,test,0,0,192,255,3264,2448,192,256
11801,test,0,18,192,175,3264,2448,192,256
11802,test,24,41,143,156,3264,2448,192,256
11803,test,0,45,177,176,3264,2448,192,256
11804,test,74,0,118,19,3264,2448,192,256
11805,test,31,59,140,141,3264,2448,192,256
11806,test,0,0,178,193,3264,2448,192,256
11807,test,18,49,157,150,3264,2448,192,256
11808,test,100,34,128,136,1836,2448,256,192
11809,test,0,0,192,255,3264,2448,192,256
11810,test,0,0,256,191,1836,2448,256,192
11811,test,18,54,156,143,3264,2448,192,256
11812,test,17,57,151,148,3264,2448,192,256
11813,test,43,73,106,104,3264,2448,192,256
11814,test,44,73,138,112,3264,2448,192,256
11815,test,0,0,192,255,3264,2448,192,256
11816,test,2,39,178,178,3264,2448,192,256
11817,test,0,0,192,255,3264,2448,192,256
11818,test,2,39,135,180,3264,2448,192,256
11819,test,27,61,140,136,3264,2448,192,256
11820,test,0,35,192,151,3264,2448,192,256
11821,test,0,0,192,255,3264,2448,192,256
11822,test,11,41,159,151,3264,2448,192,256
11823,test,0,39,158,150,3264,2448,192,256
11824,test,128,7,100,146,1836,2448,256,192
11825,test,18,50,150,148,3264,2448,192,256
11826,test,53,94,74,70,3264,2448,192,256
11827,test,0,0,180,186,3264,2448,192,256
11828,test,0,40,176,177,3264,2448,192,256
11829,test,51,58,141,147,3264,2448,192,256
11830,test,0,0,192,255,3264,2448,192,256
11831,test,0,0,192,255,3264,2448,192,256
11832,test,0,31,169,183,3264,2448,192,256
11833,test,26,54,150,149,3264,2448,192,256
11834,test,23,52,149,148,3264,2448,192,256
11835,test,0,0,192,247,3264,2448,192,256
11836,test,0,0,192,255,3264,2448,192,256
11837,test,24,42,168,120,3264,2448,192,256
11838,test,0,43,170,196,3264,2448,192,256
11839,test,26,61,141,132,3264,2448,192,256
11840,test,0,20,190,182,3264,2448,192,256
11841,test,46,103,103,76,3264,2448,192,256
11842,test,0,0,192,255,3264,2448,192,256
11843,test,2,107,16,72,3264,2448,192,256
11844,test,0,32,192,198,3264,2448,192,256
11845,test,0,0,192,255,3264,2448,192,256
11846,test,0,46,176,175,3264,2448,192,256
11847,test,0,55,28,152,3264,2448,192,256
11848,test,0,0,192,255,3264,2448,192,256
11849,test,0,9,178,226,3264,2448,192,256
11850,test,20,54,151,150,3272,2448,191,256
11851,test,41,75,109,110,3264,2448,192,256
11852,test,12,58,161,141,3264,2448,192,256
11853,test,0,31,173,171,3264,2448,192,256
11854,test,24,56,150,149,3264,2448,192,256
11855,test,0,13,171,230,3264,2448,192,256
11856,test,36,59,95,95,3264,2448,192,256
11857,test,42,42,150,127,3264,2448,192,256
11858,test,0,158,192,97,3264,2448,192,256
11859,test,0,0,192,187,3264,2448,192,256
11860,test,0,0,192,233,3264,2448,192,256
11861,test,21,42,153,126,3264,2448,192,256
11862,test,0,0,160,255,3264,2448,192,256
11863,test,0,0,192,255,3264,2448,192,256
11864,test,0,0,192,255,3264,2448,192,256
11865,test,0,20,192,170,3264,2448,192,256
11866,test,20,54,151,151,3264,2448,192,256
11867,test,0,0,192,255,3264,2448,192,256
11868,test,23,57,147,144,3264,2448,192,256
11869,test,25,0,167,223,3264,2448,192,256
11870,test,23,54,147,129,3264,2448,192,256
11871,test,40,50,136,154,3264,2448,192,256
11872,test,24,56,144,139,3264,2448,192,256
11873,test,20,45,141,160,3264,2448,192,256
11874,test,35,64,104,107,3264,2448,192,256
11875,test,50,79,103,101,3264,2448,192,256
11876,test,2,37,176,172,3264,2448,192,256
11877,test,30,61,147,127,3264,2448,192,256
11878,test,0,44,192,182,3264,2448,192,256
11879,test,0,73,191,151,3272,2448,191,256
11880,test,0,0,192,227,3264,2448,192,256
11881,test,0,0,192,255,3264,2448,192,256
11882,test,0,123,180,113,3264,2448,192,256
11883,test,0,29,192,206,3264,2448,192,256
11884,test,0,0,192,255,3264,2448,192,256
11885,test,26,57,145,142,3264,2448,192,256
11886,test,0,0,192,255,3264,2448,192,256
11887,test,27,53,99,138,3264,2448,192,256
11888,test,15,46,177,152,3264,2448,192,256
11889,test,0,0,192,255,3264,2448,192,256
11890,test,23,54,140,141,3264,2448,192,256
11891,test,0,0,192,255,3264,2448,192,256
11892,test,23,54,147,146,3264,2448,192,256
11893,test,45,72,98,111,3264,2448,192,256
11894,test,23,55,147,145,3264,2448,192,256
11895,test,34,71,107,108,3264,2448,192,256
11896,test,12,44,180,161,3264,2448,192,256
11897,test,35,55,122,117,3264,2448,192,256
11898,test,0,0,192,255,3264,2448,192,256
11899,test,52,80,76,79,3264,2448,192,256
11900,test,13,27,148,159,3264,2448,192,256
11901,test,48,71,73,93,3264,2448,192,256
11902,test,0,0,192,255,3264,2448,192,256
11903,test,0,94,59,100,3264,2448,192,256
11904,test,0,0,192,255,3264,2448,192,256
11905,test,19,52,152,142,3264,2448,192,256
11906,test,0,0,192,255,3264,2448,192,256
11907,test,48,76,101,90,3264,2448,192,256
11908,test,24,46,149,157,3264,2448,192,256
11909,test,30,116,162,104,3264,2448,192,256
11910,test,25,48,154,154,3264,2448,192,256
11911,test,0,0,192,255,3264,2448,192,256
11912,test,41,79,72,95,4352,2448,144,256
11913,test,22,33,140,164,3264,2448,192,256
11914,test,63,106,129,134,3264,2448,192,256
11915,test,0,23,150,191,3264,2448,192,256
11916,test,0,47,165,147,3264,2448,192,256
11917,test,48,60,106,115,3264,2448,192,256
11918,test,0,32,125,124,3264,2448,192,256
11919,test,30,55,162,86,3264,2448,192,256
11920,test,32,73,124,120,3264,2448,192,256
11921,test,0,0,192,255,3264,2448,192,256
11922,test,22,59,151,138,3264,2448,192,256
11923,test,0,0,192,255,3264,2448,192,256
11924,test,13,27,107,172,3264,2448,192,256
11925,test,13,42,168,166,3264,2448,192,256
11926,test,0,0,192,255,3264,2448,192,256
11927,test,1,43,169,168,3264,2448,192,256
11928,test,26,45,153,151,3264,2448,192,256
11929,test,0,0,192,255,3264,2448,192,256
11930,test,0,27,192,186,3264,2448,192,256
11931,test,0,52,156,158,3264,2448,192,256
11932,test,0,0,192,179,3264,2448,192,256
11933,test,23,58,145,142,3264,2448,192,256
11934,test,21,51,149,150,3264,2448,192,256
11935,test,19,65,130,132,3264,2448,192,256
11936,test,0,0,192,255,3264,2448,192,256
11937,test,14,193,129,62,3264,2448,192,256
11938,test,17,96,110,135,3264,2448,192,256
11939,test,22,37,154,157,3264,2448,192,256
11940,test,0,40,192,204,3264,2448,192,256
11941,test,0,0,192,255,3264,2448,192,256
11942,test,0,150,192,105,3264,2448,192,256
11943,test,0,38,192,175,3264,2448,192,256
11944,test,28,43,152,122,3264,2448,192,256
11945,test,0,0,192,255,3264,2448,192,256
11946,test,30,51,149,148,3264,2448,192,256
11947,test,0,0,192,240,3264,2448,192,256
11948,test,18,51,151,151,3264,2448,192,256
11949,test,53,89,88,119,3264,2448,192,256
11950,test,21,56,146,149,3264,2448,192,256
11951,test,25,0,167,208,3264,2448,192,256
11952,test,0,0,192,255,3264,2448,192,256
11953,test,60,12,151,159,1836,2448,256,192
11954,test,19,50,159,169,3264,2448,192,256
11955,test,0,183,192,72,3264,2448,192,256
11956,test,59,46,124,122,1836,2448,256,192
11957,test,23,73,118,119,3264,2448,192,256
11958,test,47,73,94,109,3264,2448,192,256
11959,test,0,42,173,152,3264,2448,192,256
11960,test,29,68,144,143,3264,2448,192,256
11961,test,24,18,120,177,4352,2448,144,256
11962,test,0,46,192,170,3264,2448,192,256
11963,test,26,58,151,149,3264,2448,192,256
11964,test,23,54,147,147,3264,2448,192,256
11965,test,37,56,108,143,3264,2448,192,256
11966,test,18,69,134,137,3264,2448,192,256
11967,test,22,54,148,148,3264,2448,192,256
11968,test,16,50,159,152,3264,2448,192,256
11969,test,0,0,192,176,3264,2448,192,256
11970,test,0,68,180,154,3264,2448,192,256
11971,test,18,58,158,140,3264,2448,192,256
11972,test,0,33,159,222,3264,2448,192,256
11973,test,0,14,192,222,3264,2448,192,256
11974,test,19,48,150,150,3264,2448,192,256
11975,test,0,0,192,255,3264,2448,192,256
11976,test,4,35,175,185,3264,2448,192,256
11977,test,0,0,192,255,3264,2448,192,256
11978,test,35,40,102,121,3264,2448,192,256
11979,test,0,46,153,129,3264,2448,192,256
11980,test,0,13,192,136,3264,2448,192,256
11981,test,0,0,192,255,3264,2448,192,256
11982,test,9,14,183,182,3264,2448,192,256
11983,test,0,0,192,255,3264,2448,192,256
11984,test,0,0,192,225,3264,2448,192,256
11985,test,0,0,192,255,3264,2448,192,256
11986,test,0,0,192,235,3264,2448,192,256
11987,test,0,0,192,255,3264,2448,192,256
11988,test,37,60,151,91,3264,2448,192,256
11989,test,42,74,102,103,3264,2448,192,256
11990,test,0,0,192,110,3264,2448,192,256
11991,test,21,55,152,151,3264,2448,192,256
11992,test,24,54,144,145,3264,2448,192,256
11993,test,20,45,154,143,3264,2448,192,256
11994,test,0,0,192,255,3264,2448,192,256
11995,test,0,18,192,184,3264,2448,192,256
11996,test,0,0,192,255,3264,2448,192,256
11997,test,0,34,192,176,3264,2448,192,256
11998,test,0,42,192,213,3264,2448,192,256
11999,test,21,55,151,148,3264,2448,192,256
12000,test,0,45,192,154,3264,2448,192,256
12001,test,19,46,158,159,3264,2448,192,256
12002,test,0,0,192,52,3264,2448,192,256
12003,test,0,0,192,255,3264,2448,192,256
12004,test,24,55,150,142,3264,2448,192,256
12005,test,37,0,155,189,3264,2448,192,256
12006,test,0,121,148,134,3264,2448,192,256
12007,test,42,83,103,96,3264,2448,192,256
12008,test,31,66,124,129,3264,2448,192,256
12009,test,0,0,175,157,3264,2448,192,256
12010,test,12,31,152,165,3264,2448,192,256
12011,test,17,78,123,98,3264,2448,192,256
12012,test,18,51,172,146,3264,2448,192,256
12013,test,16,44,176,152,3264,2448,192,256
12014,test,24,63,120,122,4352,2448,144,256
12015,test,0,0,192,255,3264,2448,192,256
12016,test,0,0,192,255,3264,2448,192,256
12017,test,0,0,192,255,3264,2448,192,256
12018,test,0,0,192,255,3264,2448,192,256
12019,test,0,0,192,255,3264,2448,192,256
12020,test,0,153,192,102,3264,2448,192,256
12021,test,0,0,192,255,3264,2448,192,256
12022,test,33,53,134,137,3264,2448,192,256
12023,test,0,68,159,135,3264,2448,192,256
12024,test,32,27,160,169,3264,2448,192,256
12025,test,0,0,192,255,3264,2448,192,256
12026,test,0,0,192,255,3264,2448,192,256
12027,test,0,23,177,210,3264,2448,192,256
12028,test,0,66,167,47,3264,2448,192,256
12029,test,38,88,89,93,3264,2448,192,256
12030,test,40,79,89,87,3264,2448,192,256
12031,test,18,54,94,154,3264,2448,192,256
12032,test,0,0,192,238,3264,2448,192,256
12033,test,109,2,83,253,3264,2448,192,256
12034,test,0,0,192,255,3264,2448,192,256
12035,test,0,40,169,175,3264,2448,192,256
12036,test,0,0,192,255,3264,2448,192,256
12037,test,0,0,192,255,3264,2448,192,256
12038,test,21,52,149,147,3264,2448,192,256
12039,test,31,67,127,121,3264,2448,192,256
12040,test,29,58,145,135,3264,2448,192,256
12041,test,27,59,141,131,3264,2448,192,256
12042,test,0,31,156,161,3264,2448,192,256
12043,test,0,2,188,234,3264,2448,192,256
12044,test,0,72,192,183,3264,2448,192,256
12045,test,19,51,153,151,3264,2448,192,256
12046,test,1,29,182,214,3264,2448,192,256
12047,test,0,0,192,255,3264,2448,192,256
12048,test,0,0,192,255,3264,2448,192,256
12049,test,0,0,192,255,3264,2448,192,256
12050,test,40,62,119,111,3264,2448,192,256
12051,test,24,62,125,122,3264,2448,192,256
12052,test,0,8,192,247,3264,2448,192,256
12053,test,18,38,158,139,3264,2448,192,256
12054,test,36,50,96,91,3264,2448,192,256
12055,test,84,113,61,70,3264,2448,192,256
12056,test,0,0,192,255,3264,2448,192,256
12057,test,25,53,143,147,3264,2448,192,256
12058,test,16,39,156,172,3264,2448,192,256
12059,test,0,42,140,149,3264,2448,192,256
12060,test,22,54,151,150,3264,2448,192,256
12061,test,109,14,83,241,3264,2448,192,256
12062,test,37,75,108,110,3264,2448,192,256
12063,test,0,0,256,190,1831,2448,256,191
12064,test,0,43,192,171,3264,2448,192,256
12065,test,33,67,128,127,3264,2448,192,256
12066,test,0,0,192,231,3264,2448,192,256
12067,test,41,74,101,128,3264,2448,192,256
12068,test,23,52,150,153,3264,2448,192,256
12069,test,35,45,150,167,3264,2448,192,256
12070,test,14,33,144,178,3264,2448,192,256
12071,test,11,16,181,188,3264,2448,192,256
12072,test,0,24,136,136,3264,2448,192,256
12073,test,0,0,192,255,3264,2448,192,256
12074,test,0,0,192,255,3264,2448,192,256
12075,test,0,0,192,255,3264,2448,192,256
12076,test,4,70,47,149,3264,2448,192,256
12077,test,25,50,132,123,3264,2448,192,256
12078,test,28,62,129,140,3264,2448,192,256
12079,test,26,54,144,147,3264,2448,192,256
12080,test,0,0,256,191,1836,2448,256,192
12081,test,0,0,192,81,3264,2448,192,256
12082,test,0,52,192,203,3264,2448,192,256
12083,test,0,0,192,193,3264,2448,192,256
12084,test,0,50,180,125,3264,2448,192,256
12085,test,17,51,155,155,3264,2448,192,256
12086,test,0,0,192,255,3264,2448,192,256
12087,test,54,55,138,99,3264,2448,192,256
12088,test,54,87,91,95,3264,2448,192,256
12089,test,0,40,192,149,3264,2448,192,256
12090,test,0,0,192,255,3264,2448,192,256
12091,test,16,53,161,154,3264,2448,192,256
12092,test,0,18,192,189,3264,2448,192,256
12093,test,21,50,150,148,3264,2448,192,256
12094,test,0,0,192,255,3264,2448,192,256
12095,test,0,3,144,214,3264,2448,192,256
12096,test,0,14,188,239,3264,2448,192,256
12097,test,0,0,192,255,3264,2448,192,256
12098,test,18,53,154,149,3264,2448,192,256
12099,test,72,100,86,63,3264,2448,192,256
12100,test,32,57,132,130,3264,2448,192,256
12101,test,0,0,192,255,3264,2448,192,256
12102,test,0,41,179,177,3264,2448,192,256
12103,test,27,56,146,154,3264,2448,192,256
12104,test,15,0,177,255,3264,2448,192,256
12105,test,16,33,162,185,3264,2448,192,256
12106,test,17,49,156,155,3264,2448,192,256
12107,test,57,19,162,172,1836,2448,256,192
12108,test,0,34,192,188,3264,2448,192,256
12109,test,30,83,106,91,3264,2448,192,256
12110,test,10,41,175,181,3264,2448,192,256
12111,test,43,18,149,143,3264,2448,192,256
12112,test,3,35,169,190,3264,2448,192,256
12113,test,0,0,192,255,3264,2448,192,256
12114,test,0,0,192,255,3264,2448,192,256
12115,test,3,19,189,163,3264,2448,192,256
12116,test,48,77,102,100,3264,2448,192,256
12117,test,34,77,122,121,3264,2448,192,256
12118,test,36,76,111,114,3264,2448,192,256
12119,test,18,52,152,155,3264,2448,192,256
12120,test,16,47,157,156,3264,2448,192,256
12121,test,0,0,192,170,3264,2448,192,256
12122,test,23,51,152,152,3264,2448,192,256
12123,test,0,0,192,255,3264,2448,192,256
12124,test,23,54,147,148,3264,2448,192,256
12125,test,0,0,192,255,3264,2448,192,256
12126,test,13,0,179,173,3264,2448,192,256
12127,test,0,0,192,255,3264,2448,192,256
12128,test,48,106,112,119,3264,2448,192,256
12129,test,0,41,179,180,3264,2448,192,256
12130,test,19,64,173,191,3264,2448,192,256
12131,test,0,0,192,255,3264,2448,192,256
12132,test,28,55,131,144,3264,2448,192,256
12133,test,0,59,192,155,3264,2448,192,256
12134,test,16,0,140,173,3264,2448,192,256
12135,test,33,19,179,171,1836,2448,256,192
12136,test,0,88,192,167,3264,2448,192,256
12137,test,17,33,155,186,3264,2448,192,256
12138,test,24,47,144,157,3264,2448,192,256
12139,test,43,51,119,139,3264,2448,192,256
12140,test,28,64,120,118,3264,2448,192,256
12141,test,0,0,192,255,3264,2448,192,256
12142,test,0,0,192,255,3264,2448,192,256
12143,test,0,0,192,255,3264,2448,192,256
12144,test,0,0,192,231,3264,2448,192,256
12145,test,23,49,124,139,3264,2448,192,256
12146,test,5,42,174,172,3264,2448,192,256
12147,test,24,56,142,143,3264,2448,192,256
12148,test,19,55,159,144,3264,2448,192,256
12149,test,0,27,192,146,3264,2448,192,256
12150,test,23,57,147,142,3264,2448,192,256
12151,test,31,77,131,128,3264,2448,192,256
12152,test,47,46,145,209,3264,2448,192,256
12153,test,0,62,129,138,4352,2448,144,256
12154,test,58,85,82,85,3264,2448,192,256
12155,test,15,43,145,159,3264,2448,192,256
12156,test,24,42,168,159,3264,2448,192,256
12157,test,0,36,169,186,3264,2448,192,256
12158,test,0,28,192,167,3264,2448,192,256
12159,test,17,50,155,158,3264,2448,192,256
12160,test,0,0,192,97,3264,2448,192,256
12161,test,0,0,192,255,3264,2448,192,256
12162,test,0,0,192,143,3264,2448,192,256
12163,test,5,54,155,152,3264,2448,192,256
12164,test,0,0,192,255,3264,2448,192,256
12165,test,15,41,155,162,3264,2448,192,256
12166,test,38,48,130,159,3264,2448,192,256
12167,test,0,0,192,255,3264,2448,192,256
12168,test,0,0,192,255,3264,2448,192,256
12169,test,45,38,87,130,3264,2448,192,256
12170,test,19,50,156,156,3264,2448,192,256
12171,test,0,30,192,225,3264,2448,192,256
12172,test,0,34,170,177,3264,2448,192,256
12173,test,0,0,192,255,3264,2448,192,256
12174,test,0,0,192,231,3264,2448,192,256
12175,test,32,67,119,118,3264,2448,192,256
12176,test,9,33,140,113,3264,2448,192,256
12177,test,0,44,158,157,3264,2448,192,256
12178,test,8,58,148,136,3264,2448,192,256
12179,test,63,68,107,116,3264,2448,192,256
12180,test,0,56,152,111,3264,2448,192,256
12181,test,1,31,167,185,3264,2448,192,256
12182,test,25,6,144,190,3264,2448,192,256
12183,test,0,62,151,146,3264,2448,192,256
12184,test,0,0,192,255,3264,2448,192,256
12185,test,49,81,92,88,3264,2448,192,256
12186,test,20,56,151,137,3264,2448,192,256
12187,test,0,0,192,63,3264,2448,192,256
12188,test,23,47,144,152,3264,2448,192,256
12189,test,20,50,172,148,3264,2448,192,256
12190,test,0,0,192,255,3264,2448,192,256
12191,test,30,2,189,163,1836,2448,256,192
12192,test,27,48,144,140,3264,2448,192,256
12193,test,22,50,149,149,3264,2448,192,256
12194,test,19,61,158,140,3264,2448,192,256
12195,test,5,32,164,185,3264,2448,192,256
12196,test,21,51,151,151,3264,2448,192,256
12197,test,19,87,106,133,3264,2448,192,256
12198,test,0,0,192,255,3264,2448,192,256
12199,test,23,45,146,141,3264,2448,192,256
12200,test,0,0,162,175,3264,2448,192,256
12201,test,1,33,171,180,3264,2448,192,256
12202,test,0,36,168,180,3264,2448,192,256
12203,test,35,73,106,110,3264,2448,192,256
12204,test,0,0,192,255,3264,2448,192,256
12205,test,34,63,127,110,3264,2448,192,256
12206,test,27,57,145,142,3264,2448,192,256
12207,test,21,55,131,129,3264,2448,192,256
12208,test,0,50,192,153,3264,2448,192,256
12209,test,33,54,131,172,3264,2448,192,256
12210,test,20,51,152,150,3264,2448,192,256
12211,test,73,95,104,83,3264,2448,192,256
12212,test,0,0,192,255,3264,2448,192,256
12213,test,0,62,192,153,3264,2448,192,256
12214,test,24,54,148,148,3264,2448,192,256
12215,test,48,55,121,112,3264,2448,192,256
12216,test,0,0,192,226,3264,2448,192,256
12217,test,27,219,154,36,3264,2448,192,256
12218,test,0,0,192,255,3264,2448,192,256
12219,test,32,94,93,76,3264,2448,192,256
12220,test,0,78,137,106,3264,2448,192,256
12221,test,17,61,145,137,3264,2448,192,256
12222,test,34,65,122,102,3264,2448,192,256
12223,test,0,47,175,177,3264,2448,192,256
12224,test,27,0,165,141,3264,2448,192,256
12225,test,0,0,192,255,3264,2448,192,256
12226,test,0,0,192,255,3264,2448,192,256
12227,test,25,55,142,143,3264,2448,192,256
12228,test,0,64,116,148,3264,2448,192,256
12229,test,0,0,192,218,3264,2448,192,256
12230,test,0,0,192,214,3264,2448,192,256
12231,test,20,57,150,147,3264,2448,192,256
12232,test,44,69,116,115,3264,2448,192,256
12233,test,0,0,192,191,3264,2448,192,256
12234,test,35,63,130,120,3264,2448,192,256
12235,test,22,53,150,149,3264,2448,192,256
12236,test,0,0,192,219,3264,2448,192,256
12237,test,22,54,144,142,3264,2448,192,256
12238,test,0,0,192,214,3264,2448,192,256
12239,test,0,0,192,255,3264,2448,192,256
12240,test,44,66,110,119,3264,2448,192,256
12241,test,0,0,192,255,3264,2448,192,256
12242,test,21,45,171,149,3264,2448,192,256
12243,test,47,75,103,97,3264,2448,192,256
12244,test,15,56,160,153,3264,2448,192,256
12245,test,22,50,148,144,3264,2448,192,256
12246,test,12,58,165,137,3264,2448,192,256
12247,test,0,122,114,133,3264,2448,192,256
12248,test,14,53,160,150,3264,2448,192,256
12249,test,0,0,192,255,3264,2448,192,256
12250,test,19,53,149,148,3264,2448,192,256
12251,test,28,49,110,111,3264,2448,192,256
12252,test,0,0,192,255,3264,2448,192,256
12253,test,56,86,76,74,3264,2448,192,256
12254,test,0,0,192,255,3264,2448,192,256
12255,test,0,0,192,255,3264,2448,192,256
12256,test,17,70,114,84,3264,2448,192,256
12257,test,0,0,192,255,3264,2448,192,256
12258,test,0,0,192,255,3264,2448,192,256
12259,test,0,41,192,138,3264,2448,192,256
12260,test,0,0,192,242,3264,2448,192,256
